TEMP,B,power,SETP,TIME
300.95,0.059268247336,300.95,293,0.3656301498413086
300.94,0.05924397707,300.94,293,2.384253740310669
300.94,0.059219360352,300.94,293,4.4036149978637695
300.96,0.059219378978,300.96,293,6.41969108581543
300.99,0.059218384326,300.99,293,8.444754362106323
301.02,0.059215039015,301.02,293,10.4596848487854
301.05,0.059212107211,301.05,293,12.4757080078125
301.08,0.059226848185,301.08,293,14.490866661071777
301.1,0.059226501733,301.1,293,16.506902933120728
301.13,0.05924282223,301.13,293,18.52303695678711
301.16,0.059257525951,301.16,293,20.536068439483643
301.18,0.059267949313,301.18,293,22.553428173065186
301.21,0.059287216514,301.21,293,24.57217288017273
301.24,0.059310138226,301.24,293,26.5900661945343
301.27,0.059329081327,301.27,293,28.60543704032898
301.3,0.059359878302,301.3,293,30.630809783935547
301.33,0.059378068894,301.33,293,32.649961948394775
301.36,0.059405423701,301.36,293,34.669671297073364
301.39,0.05943448469,301.39,293,36.68806552886963
301.42,0.059464860708,301.42,293,38.70559501647949
301.45,0.059494357556,301.45,293,40.723302602767944
301.48,0.059522677213,301.48,293,42.7418487071991
301.51,0.059556573629,301.51,293,44.75965142250061
301.54,0.059588134289,301.54,293,46.77546811103821
301.57,0.05961535126,301.57,293,48.79351568222046
301.6,0.05965218693,301.6,293,50.80634117126465
301.63,0.059692680836,301.63,293,52.82197713851929
301.66,0.059727467597,301.66,293,54.83655047416687
301.69,0.059763010591,301.69,293,56.84993839263916
301.73,0.059795208275,301.73,293,58.86308979988098
301.76,0.059839118272,301.76,293,60.88164806365967
301.79,0.059872727841,301.79,293,62.898879051208496
301.82,0.059917408973,301.82,293,64.91371417045593
301.85,0.059945937246,301.85,293,66.93716311454773
301.88,0.059999395162,301.88,293,68.94998598098755
301.91,0.060032613575,301.91,293,70.96731209754944
301.95,0.060072500259,301.95,293,72.98411297798157
301.98,0.060121785849,301.98,293,75.00679469108582
302.01,0.060154970735,302.01,293,77.02431416511536
302.04,0.060201127082,302.04,293,79.04351282119751
302.07,0.06023048237,302.07,293,81.06400513648987
302.1,0.06027681753,302.1,293,83.08208727836609
302.14,0.060319315642,302.14,293,85.09768557548523
302.17,0.060362588614,302.17,293,87.11176872253418
302.2,0.060401439667,302.2,293,89.13564443588257
302.23,0.060435511172,302.23,293,91.15185070037842
302.26,0.060480892658,302.26,293,93.1693844795227
302.3,0.060528457165,302.3,293,95.18958306312561
302.33,0.060568749905,302.33,293,97.2078504562378
302.36,0.060606498271,302.36,293,99.22404360771179
302.39,0.060648299754,302.39,293,101.24257349967957
302.43,0.060683149844,302.43,293,103.26261806488037
302.46,0.060740161687,302.46,293,105.28428053855896
302.49,0.060778982937,302.49,293,107.30476593971252
302.52,0.060827638954,302.52,293,109.32119560241699
302.56,0.060865502805,302.56,293,111.34184861183167
302.59,0.060903944075,302.59,293,113.3625864982605
302.62,0.060951899737,302.62,293,115.38003277778625
302.65,0.060997612774,302.65,293,117.39635562896729
302.68,0.061032462865,302.68,293,119.4154589176178
302.72,0.061078645289,302.72,293,121.437668800354
302.75,0.061124291271,302.75,293,123.45293378829956
302.78,0.061181791127,302.78,293,125.47673201560974
302.81,0.061213683337,302.81,293,127.50482249259949
302.85,0.061249382794,302.85,293,129.5241105556488
302.88,0.061296965927,302.88,293,131.54080963134766
302.91,0.061339773238,302.91,293,133.5590341091156
302.94,0.061383284628,302.94,293,135.57749962806702
302.98,0.061422992498,302.98,293,137.5928418636322
303.01,0.06147551164,303.01,293,139.60876035690308
303.04,0.06151374802,303.04,293,141.62557649612427
303.07,0.061562664807,303.07,293,143.64538669586182
303.11,0.061601575464,303.11,293,145.66078209877014
303.14,0.061649996787,303.14,293,147.67893362045288
303.17,0.06169012934,303.17,293,149.69319128990173
303.2,0.061729073524,303.2,293,151.70638632774353
303.23,0.061776548624,303.23,293,153.7247016429901
303.27,0.061822485179,303.27,293,155.73934602737427
303.3,0.061866432428,303.3,293,157.7563877105713
303.33,0.061910141259,303.33,293,159.77537989616394
303.36,0.061952229589,303.36,293,161.79424667358398
303.4,0.061991859227,303.4,293,163.81324934959412
303.43,0.062036652118,303.43,293,165.83637595176697
303.46,0.062086075544,303.46,293,167.85488891601562
303.49,0.06212727353,303.49,293,169.87422919273376
303.53,0.062164664268,303.53,293,171.89054489135742
303.56,0.0622119084,303.56,293,173.91261792182922
303.59,0.062253572047,303.59,293,175.94556975364685
303.63,0.062297809869,303.63,293,177.96466827392578
303.66,0.062342204154,303.66,293,179.98060631752014
303.69,0.062386769801,303.69,293,181.99461269378662
303.72,0.062430270016,303.72,293,184.00896859169006
303.75,0.062465131283,303.75,293,186.02442240715027
303.79,0.062523022294,303.79,293,188.04218983650208
303.82,0.062554821372,303.82,293,190.05830669403076
303.85,0.062595389783,303.85,293,192.0746660232544
303.89,0.062650054693,303.89,293,194.09289860725403
303.92,0.062689445913,303.92,293,196.10958456993103
303.95,0.062742985785,303.95,293,198.12896084785461
303.98,0.062783233821,303.98,293,200.1445655822754
304.02,0.06281542033,304.02,293,202.159255027771
304.05,0.062864884734,304.05,293,204.1801302433014
304.08,0.062908835709,304.08,293,206.2004005908966
304.11,0.062956310809,304.11,293,208.21998739242554
304.15,0.063005708158,304.15,293,210.24472403526306
304.18,0.063045732677,304.18,293,212.26301908493042
304.21,0.0630922243,304.21,293,214.2832498550415
304.24,0.063133239746,304.24,293,216.30042815208435
304.28,0.06317152828,304.28,293,218.31828832626343
304.31,0.063206814229,304.31,293,220.34408807754517
304.34,0.063259482384,304.34,293,222.35862851142883
304.38,0.063297383487,304.38,293,224.3774654865265
304.41,0.063344933093,304.41,293,226.39254879951477
304.44,0.063385799527,304.44,293,228.41213297843933
304.47,0.063439272344,304.47,293,230.4383156299591
304.51,0.063482835889,304.51,293,232.45480036735535
304.54,0.063521817327,304.54,293,234.4742829799652
304.57,0.063572250307,304.57,293,236.49327611923218
304.6,0.063607975841,304.6,293,238.51028084754944
304.64,0.063653111458,304.64,293,240.52642464637756
304.67,0.063696414232,304.67,293,242.54343175888062
304.7,0.063745185733,304.7,293,244.56205105781555
304.73,0.063784472644,304.73,293,246.5779185295105
304.77,0.063831143081,304.77,293,248.5974986553192
304.8,0.063873767853,304.8,293,250.61061453819275
304.83,0.063925422728,304.83,293,252.62577533721924
304.87,0.063966423273,304.87,293,254.64388418197632
304.9,0.064006522298,304.9,293,256.6603190898895
304.93,0.0640501827,304.93,293,258.67482113838196
304.96,0.064098909497,304.96,293,260.6935715675354
305.0,0.064140819013,305.0,293,262.70838236808777
305.03,0.064182236791,305.03,293,264.72638058662415
305.06,0.064226917922,305.06,293,266.7453308105469
305.09,0.064271979034,305.09,293,268.7637403011322
305.13,0.064306348562,305.13,293,270.7899384498596
305.16,0.064358152449,305.16,293,272.80304741859436
305.19,0.064396560192,305.19,293,274.81526803970337
305.22,0.064439766109,305.23,293,276.83905935287476
305.26,0.064483202994,305.26,293,278.85474824905396
305.29,0.064530268312,305.29,293,280.87532138824463
305.32,0.064582139254,305.32,293,282.89300990104675
305.36,0.064623020589,305.36,293,284.91373896598816
305.39,0.06465870142,305.39,293,286.93851804733276
305.42,0.064710631967,305.42,293,288.9581251144409
305.46,0.064751781523,305.46,293,290.975075006485
305.49,0.064796179533,305.49,293,292.99635004997253
305.52,0.064837314188,305.52,293,295.0130867958069
305.55,0.064887583256,305.55,293,297.0367341041565
305.59,0.064927108586,305.59,293,299.05364179611206
305.62,0.064972154796,305.62,293,301.0684494972229
305.65,0.065011993051,305.65,293,303.0869312286377
305.68,0.065059818327,305.68,293,305.1053264141083
305.72,0.06509938091,305.72,293,307.1252043247223
305.75,0.065154455602,305.75,293,309.14401173591614
305.78,0.065185725689,305.78,293,311.1631815433502
305.82,0.065232016146,305.82,293,313.1796705722809
305.85,0.065282337368,305.85,293,315.19535398483276
305.88,0.065320722759,305.88,293,317.2131154537201
305.91,0.065355613828,305.91,293,319.23036217689514
305.95,0.065401546657,305.95,293,321.25474667549133
305.98,0.065453015268,305.98,293,323.2735092639923
306.01,0.065494380891,306.01,293,325.2895028591156
306.05,0.065533898771,306.05,293,327.306636095047
306.08,0.065574504435,306.08,293,329.32355666160583
306.11,0.065621457994,306.11,293,331.34437012672424
306.14,0.065664730966,306.14,293,333.35826420783997
306.18,0.065709546208,306.18,293,335.378621339798
306.21,0.065753631294,306.21,293,337.3951344490051
306.24,0.065798334777,306.24,293,339.41410303115845
306.27,0.065838567913,306.28,293,341.4420967102051
306.31,0.065886765718,306.31,293,343.4572811126709
306.34,0.065931074321,306.34,293,345.47748136520386
306.37,0.065959580243,306.37,293,347.50477600097656
306.41,0.066016949713,306.41,293,349.52322220802307
306.44,0.066061593592,306.44,293,351.5417959690094
306.47,0.066101849079,306.47,293,353.5547618865967
306.51,0.066143080592,306.51,293,355.572035074234
306.54,0.066203393042,306.54,293,357.59184646606445
306.57,0.066240601242,306.57,293,359.6089630126953
306.6,0.066266648471,306.6,293,361.6262249946594
306.64,0.06631578505,306.64,293,363.64758372306824
306.67,0.066365987062,306.67,293,365.6662390232086
306.7,0.066417321563,306.7,293,367.6851499080658
306.74,0.066444717348,306.74,293,369.7007563114166
306.77,0.066491566598,306.77,293,371.7264041900635
306.8,0.066530719399,306.8,293,373.7455155849457
306.83,0.066574849188,306.83,293,375.76257133483887
306.87,0.066617116332,306.87,293,377.77887058258057
306.9,0.066663816571,306.9,293,379.7952673435211
306.93,0.066711127758,306.93,293,381.8119549751282
306.96,0.066757917404,306.96,293,383.82845163345337
307.0,0.066794417799,307.0,293,385.8474450111389
307.03,0.066839337349,307.03,293,387.86722588539124
307.06,0.066885784268,307.06,293,389.8874399662018
307.1,0.066936962306,307.1,293,391.90745782852173
307.13,0.066976666451,307.13,293,393.92494010925293
307.16,0.067019276321,307.16,293,395.9458558559418
307.2,0.06705711782,307.2,293,397.96079540252686
307.23,0.067096695304,307.23,293,399.97695207595825
307.26,0.067148804665,307.26,293,401.99183797836304
307.29,0.06718660146,307.29,293,404.00648045539856
307.33,0.067239694297,307.33,293,406.02288150787354
307.36,0.067286089063,307.36,293,408.0511519908905
307.39,0.067325554788,307.39,293,410.07300567626953
307.43,0.067365221679,307.43,293,412.0886981487274
307.46,0.067410051823,307.46,293,414.1076853275299
307.49,0.067461341619,307.49,293,416.1256856918335
307.52,0.067496053874,307.52,293,418.14669370651245
307.56,0.067538917065,307.56,293,420.1646509170532
307.59,0.067584313452,307.59,293,422.1922426223755
307.62,0.067630149424,307.62,293,424.2118864059448
307.66,0.067665815353,307.66,293,426.2303078174591
307.69,0.067710109055,307.69,293,428.2453775405884
307.72,0.067755386233,307.72,293,430.26274251937866
307.76,0.067806743085,307.76,293,432.2820043563843
307.79,0.067848347127,307.79,293,434.3008825778961
307.82,0.067883871496,307.82,293,436.3199462890625
307.85,0.067923620343,307.85,293,438.34228920936584
307.89,0.067969202995,307.89,293,440.3591368198395
307.92,0.068023666739,307.92,293,442.3768665790558
307.95,0.068058468401,307.95,293,444.3918285369873
307.99,0.068109810352,307.99,293,446.41055154800415
308.02,0.068141542375,308.02,293,448.428261756897
308.05,0.068193785846,308.05,293,450.44969630241394
308.09,0.068230338395,308.09,293,452.46373677253723
308.12,0.068278767169,308.12,293,454.479843378067
308.15,0.068319819868,308.15,293,456.4963412284851
308.18,0.068365685642,308.18,293,458.5121946334839
308.22,0.068408578634,308.22,293,460.53082609176636
308.25,0.068448886275,308.25,293,462.5511932373047
308.28,0.068477645516,308.28,293,464.5709822177887
308.31,0.068535961211,308.31,293,466.5897397994995
308.35,0.068581871688,308.35,293,468.6043167114258
308.38,0.06861564517,308.38,293,470.6298987865448
308.41,0.068664610386,308.41,293,472.6521346569061
308.45,0.068708062172,308.45,293,474.6632866859436
308.48,0.06874807924,308.48,293,476.67893862724304
308.51,0.068785913289,308.51,293,478.6958522796631
308.55,0.068836018443,308.55,293,480.7122070789337
308.58,0.06887922436,308.58,293,482.7309489250183
308.61,0.068928278983,308.61,293,484.74862241744995
308.64,0.068955793977,308.64,293,486.76482343673706
308.68,0.069009207189,308.68,293,488.78485584259033
308.71,0.069042079151,308.71,293,490.8040111064911
308.74,0.069095589221,308.74,293,492.82409858703613
308.78,0.069136537611,308.78,293,494.85272693634033
308.81,0.06918374449,308.81,293,496.86773443222046
308.84,0.069222182035,308.84,293,498.88545203208923
308.87,0.069269753993,308.87,293,500.9046392440796
308.91,0.069310799241,308.91,293,502.9185335636139
308.94,0.069344364107,308.94,293,504.944500207901
308.97,0.0693975389,308.97,293,506.96179842948914
309.01,0.069444835186,309.01,293,508.9821846485138
309.04,0.069490812719,309.04,293,511.0000946521759
309.07,0.069539837539,309.07,293,513.0202293395996
309.1,0.069571636617,309.11,293,515.0432724952698
309.14,0.069611757994,309.14,293,517.0597786903381
309.17,0.069667622447,309.17,293,519.0763890743256
309.2,0.069711707532,309.2,293,521.1031541824341
309.24,0.069745615125,309.24,293,523.121663570404
309.27,0.069791831076,309.27,293,525.1468880176544
309.3,0.069832704961,309.3,293,527.1663434505463
309.34,0.069882340729,309.34,293,529.1805031299591
309.37,0.069918878376,309.37,293,531.1963429450989
309.4,0.069963268936,309.4,293,533.2124128341675
309.43,0.07001093775,309.43,293,535.2285945415497
309.47,0.070052854717,309.47,293,537.2528924942017
309.5,0.070094376802,309.5,293,539.2719671726227
309.53,0.07013785094,309.53,293,541.2905280590057
309.57,0.070178128779,309.57,293,543.306174993515
309.6,0.070222109556,309.6,293,545.3267962932587
309.63,0.070269584656,309.63,293,547.3519146442413
309.67,0.070301860571,309.67,293,549.370578289032
309.7,0.070340953767,309.7,293,551.3874800205231
309.73,0.070394933224,309.73,293,553.403745174408
309.76,0.070428214967,309.76,293,555.4177684783936
309.8,0.070476971567,309.8,293,557.4328866004944
309.83,0.070520497859,309.83,293,559.4483559131622
309.86,0.070572920144,309.86,293,561.4685859680176
309.9,0.070609234273,309.9,293,563.4870328903198
309.93,0.070648647845,309.93,293,565.5046851634979
309.96,0.070682898164,309.96,293,567.5222022533417
310.0,0.070724897087,310.0,293,569.5451085567474
310.03,0.070782534778,310.03,293,571.5718562602997
310.06,0.070825830102,310.06,293,573.6007559299469
310.09,0.070862591267,310.09,293,575.618504524231
310.13,0.070909284055,310.13,293,577.6374070644379
310.16,0.07094412297,310.16,293,579.6541826725006
310.19,0.070993416011,310.19,293,581.6697790622711
310.23,0.071038737893,310.23,293,583.6889963150024
310.26,0.071080498397,310.26,293,585.703120470047
310.29,0.071120716631,310.29,293,587.714720249176
310.33,0.071163706481,310.33,293,589.7318570613861
310.36,0.071208246052,310.36,293,591.7503817081451
310.39,0.071242541075,310.39,293,593.7663431167603
310.43,0.071282193065,310.43,293,595.789840221405
310.46,0.071323670447,310.46,293,597.8097274303436
310.49,0.071369603276,310.49,293,599.8265497684479
310.53,0.071416631341,310.53,293,601.8518803119659
310.56,0.071453996003,310.56,293,603.868489742279
310.59,0.071493640542,310.59,293,605.8878176212311
310.62,0.0715405792,310.62,293,607.904233455658
310.66,0.0715797171,310.66,293,609.9209036827087
310.69,0.071624927223,310.69,293,611.9363889694214
310.72,0.071665406227,310.72,293,613.9536235332489
310.76,0.071714006364,310.76,293,615.9680416584015
310.79,0.071755237877,310.79,293,617.9871907234192
310.82,0.071800306439,310.82,293,620.0097827911377
310.85,0.071839444339,310.85,293,622.0248970985413
310.89,0.071889720857,310.89,293,624.0502574443817
310.92,0.071928583086,310.92,293,626.0660107135773
310.95,0.071966633201,310.95,293,628.0810289382935
310.99,0.0720166713,310.99,293,630.0968194007874
311.02,0.0720622316,311.02,293,632.1162216663361
311.05,0.072103284299,311.05,293,634.133594751358
311.09,0.072148613632,311.09,293,636.152426481247
311.12,0.072184495628,311.12,293,638.1720242500305
311.15,0.072232820094,311.15,293,640.1858849525452
311.18,0.072272203863,311.18,293,642.2011499404907
311.22,0.072312772274,311.22,293,644.225506067276
311.25,0.07235366106,311.25,293,646.259592294693
311.28,0.072398521006,311.28,293,648.2861769199371
311.32,0.072446033359,311.32,293,650.3023052215576
311.35,0.072488941252,311.35,293,652.3184742927551
311.38,0.072528265417,311.38,293,654.337229013443
311.42,0.07257232815,311.42,293,656.3576307296753
311.45,0.072616554797,311.45,293,658.3757314682007
311.48,0.072657138109,311.48,293,660.3952784538269
311.51,0.072703719139,311.51,293,662.4112405776978
311.55,0.072757959366,311.55,293,664.4285042285919
311.58,0.072791658342,311.58,293,666.4552898406982
311.61,0.072842858732,311.61,293,668.4719734191895
311.65,0.072885535657,311.65,293,670.4883465766907
311.68,0.072924539447,311.68,293,672.5035676956177
311.71,0.072969548404,311.71,293,674.5245893001556
311.75,0.073003672063,311.75,293,676.5518968105316
311.78,0.073048017919,311.78,293,678.5721940994263
311.81,0.073091618717,311.81,293,680.5897178649902
311.85,0.073137365282,311.85,293,682.6063938140869
311.88,0.073177047074,311.88,293,684.6233522891998
311.91,0.073218397796,311.91,293,686.6464409828186
311.95,0.073265336454,311.95,293,688.6604540348053
311.98,0.073304325342,311.98,293,690.6785409450531
312.01,0.073340550065,312.01,293,692.698260307312
312.04,0.07338321954,312.04,293,694.7131679058075
312.08,0.073421575129,312.08,293,696.7283117771149
312.11,0.073468007147,312.11,293,698.753659248352
312.14,0.073510251939,312.14,293,700.7705154418945
312.18,0.073558144271,312.18,293,702.7904105186462
312.21,0.073599673808,312.21,293,704.8066065311432
312.24,0.073638640344,312.24,293,706.8247113227844
312.27,0.073687009513,312.28,293,708.8472731113434
312.31,0.073729790747,312.31,293,710.864884853363
312.34,0.073768109083,312.34,293,712.8817727565765
312.37,0.073811158538,312.37,293,714.8963115215302
312.41,0.073862701654,312.41,293,716.9108412265778
312.44,0.073900640011,312.44,293,718.9266583919525
312.47,0.07394361496,312.47,293,720.9498207569122
312.51,0.073981747031,312.51,293,722.9631617069244
312.54,0.074025839567,312.54,293,724.981805562973
312.57,0.074069447815,312.57,293,727.0020670890808
312.61,0.074106819928,312.61,293,729.0193951129913
312.64,0.074153266847,312.64,293,731.0352475643158
312.67,0.074201963842,312.67,293,733.0545058250427
312.71,0.074238538742,312.71,293,735.0750555992126
312.74,0.074282988906,312.74,293,737.0934824943542
312.77,0.074322208762,312.77,293,739.1120233535767
312.8,0.074364058673,312.8,293,741.1311573982239
312.84,0.074407190084,312.84,293,743.1582760810852
312.87,0.074447959661,312.87,293,745.1741366386414
312.9,0.074494794011,312.9,293,747.1938202381134
312.93,0.074531689286,312.93,293,749.2074508666992
312.97,0.074580073357,312.97,293,751.2253952026367
313.0,0.074629455805,313.0,293,753.2518944740295
313.04,0.074668638408,313.04,293,755.2721095085144
313.07,0.074710279703,313.07,293,757.2918448448181
313.1,0.074756324291,313.1,293,759.3095898628235
313.13,0.074798084795,313.13,293,761.3282721042633
313.17,0.074842713773,313.17,293,763.3513765335083
313.2,0.074874997139,313.2,293,765.3698627948761
313.23,0.074918851256,313.23,293,767.3901138305664
313.27,0.074966542423,313.27,293,769.407140493393
313.3,0.075013525784,313.3,293,771.4241945743561
313.33,0.075048148632,313.33,293,773.4432487487793
313.37,0.075094863772,313.37,293,775.4597632884979
313.4,0.075142294168,313.4,293,777.4739689826965
313.43,0.075185909867,313.43,293,779.4918467998505
313.47,0.07522996515,313.47,293,781.5084583759308
313.5,0.075272135437,313.5,293,783.5283849239349
313.53,0.075311988592,313.53,293,785.5552899837494
313.57,0.075352147222,313.57,293,787.571070432663
313.6,0.075397603214,313.6,293,789.591096162796
313.63,0.075440995395,313.63,293,791.6118535995483
313.66,0.075481943786,313.66,293,793.6318469047546
313.7,0.075522311032,313.7,293,795.6553163528442
313.73,0.075552850962,313.73,293,797.671685218811
313.76,0.075594671071,313.76,293,799.6944370269775
313.8,0.075638569891,313.8,293,801.7075943946838
313.83,0.075688831508,313.83,293,803.7250070571899
313.86,0.075729392469,313.86,293,805.741542339325
313.9,0.075778000057,313.9,293,807.7596209049225
313.93,0.075810007751,313.93,293,809.7767140865326
313.96,0.075855888426,313.96,293,811.7972097396851
314.0,0.075903303921,314.0,293,813.8124935626984
314.03,0.075944036245,314.03,293,815.8312377929688
314.06,0.075984507799,314.06,293,817.8553597927094
314.09,0.076025091112,314.09,293,819.8731215000153
314.13,0.076074026525,314.13,293,821.8895556926727
314.16,0.076116450131,314.16,293,823.9118540287018
314.19,0.076157234609,314.19,293,825.9289226531982
314.23,0.076197527349,314.23,293,827.9525856971741
314.26,0.07623758167,314.26,293,829.9708621501923
314.29,0.076277300715,314.29,293,831.987190246582
314.33,0.076322704554,314.33,293,834.0064380168915
314.36,0.076361447573,314.36,293,836.0275449752808
314.39,0.076405510306,314.39,293,838.0530648231506
314.43,0.076451919973,314.43,293,840.0691113471985
314.46,0.076488673687,314.46,293,842.0877358913422
314.49,0.07652118057,314.49,293,844.1041824817657
314.52,0.076565943658,314.52,293,846.1245226860046
314.56,0.076612494886,314.56,293,848.1418492794037
314.59,0.076649412513,314.59,293,850.1654796600342
314.62,0.076694920659,314.62,293,852.1833648681641
314.66,0.076734416187,314.66,293,854.2005748748779
314.69,0.076775722206,314.69,293,856.2160229682922
314.72,0.076816096902,314.72,293,858.2331261634827
314.76,0.076866447926,314.76,293,860.2610983848572
314.79,0.076910927892,314.79,293,862.2812898159027
314.82,0.076944477856,314.82,293,864.2996640205383
314.86,0.076991580427,314.86,293,866.3194124698639
314.89,0.077033594251,314.89,293,868.3375055789948
314.92,0.07707798481,314.92,293,870.360762834549
314.96,0.077121756971,314.96,293,872.3759603500366
314.99,0.077160529792,314.99,293,874.3933296203613
315.02,0.077206239104,315.02,293,876.4154899120331
315.05,0.077242776752,315.05,293,878.4310812950134
315.09,0.077293619514,315.09,293,880.4538056850433
315.12,0.077337257564,315.12,293,882.4718565940857
315.16,0.077383257449,315.16,293,884.4877688884735
315.19,0.07742086798,315.19,293,886.5038189888
315.22,0.07745603472,315.22,293,888.5207440853119
315.25,0.07749415189,315.25,293,890.5350067615509
315.29,0.077534168959,315.29,293,892.556478023529
315.32,0.077582016587,315.32,293,894.5759041309357
315.35,0.077629350126,315.35,293,896.5919072628021
315.39,0.077667184174,315.39,293,898.6103539466858
315.42,0.077708333731,315.42,293,900.6297907829285
315.45,0.077744200826,315.45,293,902.6527719497681
315.49,0.077785082161,315.49,293,904.6641252040863
315.52,0.077833682299,315.52,293,906.6813378334045
315.55,0.077867478132,315.55,293,908.6983139514923
315.59,0.077923104167,315.59,293,910.7153120040894
315.62,0.077961288393,315.62,293,912.7336435317993
315.65,0.077996365726,315.65,293,914.7573206424713
315.69,0.078036829829,315.69,293,916.7742800712585
315.72,0.078081317246,315.72,293,918.795355796814
315.75,0.07812397927,315.75,293,920.8130025863647
315.78,0.078162774444,315.78,293,922.8312592506409
315.82,0.078204937279,315.82,293,924.8560485839844
315.85,0.078240118921,315.85,293,926.8785562515259
315.88,0.078277178109,315.88,293,928.8966181278229
315.92,0.078329317272,315.92,293,930.9098145961761
315.95,0.078363008797,315.95,293,932.9296143054962
315.98,0.07840988785,315.98,293,934.9531679153442
316.02,0.078460223973,316.02,293,936.9685049057007
316.05,0.078494161367,316.05,293,938.984700679779
316.08,0.078536599874,316.08,293,941.0036747455597
316.12,0.078578539193,316.12,293,943.022243976593
316.15,0.078621037304,316.15,293,945.0421178340912
316.18,0.078655473888,316.18,293,947.0596294403076
316.22,0.078701548278,316.22,293,949.0798082351685
316.25,0.078729771078,316.25,293,951.0977149009705
316.28,0.078781321645,316.28,293,953.1133263111115
316.31,0.078810304403,316.31,293,955.1273839473724
316.35,0.078855924308,316.35,293,957.1427237987518
316.38,0.078898020089,316.38,293,959.1597855091095
316.41,0.078935727477,316.41,293,961.1754026412964
316.45,0.07897759974,316.45,293,963.1933960914612
316.48,0.079021081328,316.48,293,965.2092750072479
316.51,0.079069040716,316.51,293,967.2253024578094
316.55,0.079101555049,316.55,293,969.2453145980835
316.58,0.079142309725,316.58,293,971.2659244537354
316.61,0.079180896282,316.61,293,973.2877831459045
316.65,0.079223655164,316.65,293,975.3038597106934
316.68,0.079263813794,316.68,293,977.3215918540955
316.71,0.079307608306,316.71,293,979.3389046192169
316.75,0.079346515238,316.75,293,981.3607022762299
316.78,0.079384028912,316.78,293,983.3737690448761
316.81,0.079429350793,316.81,293,985.3883967399597
316.84,0.079464137554,316.84,293,987.4049127101898
316.88,0.079493410885,316.88,293,989.4232439994812
316.91,0.079540327191,316.91,293,991.4402544498444
316.94,0.079578943551,316.94,293,993.4642579555511
316.98,0.07961653173,316.98,293,995.4811522960663
317.01,0.079657584429,317.01,293,997.5067629814148
317.04,0.079699784517,317.04,293,999.523101568222
317.08,0.07973318547,317.08,293,1001.5421903133392
317.11,0.079781465232,317.11,293,1003.5623140335083
317.14,0.079824306071,317.14,293,1005.5808231830597
317.18,0.079864680767,317.18,293,1007.5939435958862
317.21,0.079905919731,317.21,293,1009.6092565059662
317.24,0.079955518246,317.24,293,1011.6277468204498
317.27,0.079989440739,317.27,293,1013.646980047226
317.31,0.080025814474,317.31,293,1015.6646029949188
317.34,0.080072447658,317.34,293,1017.6802399158478
317.37,0.080108053982,317.37,293,1019.7011113166809
317.41,0.080156587064,317.41,293,1021.725260257721
317.44,0.080189935863,317.44,293,1023.7408163547516
317.47,0.080238029361,317.47,293,1025.7611122131348
317.51,0.080278776586,317.51,293,1027.78036403656
317.54,0.080319114029,317.54,293,1029.7978382110596
317.57,0.080356054008,317.57,293,1031.8157141208649
317.61,0.08039008826,317.61,293,1033.8310420513153
317.64,0.080435462296,317.64,293,1035.8478395938873
317.67,0.0804669559,317.67,293,1037.8631670475006
317.71,0.080514542758,317.71,293,1039.8829019069672
317.74,0.08055189997,317.74,293,1041.9010140895844
317.77,0.080588445067,317.77,293,1043.9209382534027
317.8,0.080635853112,317.8,293,1045.9420471191406
317.84,0.080669932067,317.84,293,1047.9641630649567
317.87,0.08071180433,317.87,293,1049.980657339096
317.9,0.080757722259,317.9,293,1052.0009512901306
317.94,0.080790117383,317.94,293,1054.0171658992767
317.97,0.080833606422,317.97,293,1056.0368666648865
318.0,0.080876879394,318.01,293,1058.062392950058
318.04,0.080910250545,318.04,293,1060.0752956867218
318.07,0.080949492753,318.07,293,1062.0891072750092
318.1,0.080983906984,318.1,293,1064.1066763401031
318.14,0.081028006971,318.14,293,1066.1264479160309
318.17,0.08106213063,318.17,293,1068.1442844867706
318.2,0.081104427576,318.2,293,1070.1650607585907
318.24,0.081144019961,318.24,293,1072.1821765899658
318.27,0.081184051931,318.27,293,1074.2007670402527
318.3,0.081220887601,318.3,293,1076.2175920009613
318.34,0.081258334219,318.34,293,1078.2353873252869
318.37,0.081294618547,318.37,293,1080.2625329494476
318.4,0.081344053149,318.4,293,1082.280844449997
318.44,0.081377737224,318.44,293,1084.297725200653
318.47,0.081417433918,318.47,293,1086.3138372898102
318.5,0.081463828683,318.5,293,1088.3297879695892
318.53,0.081504166126,318.53,293,1090.3485834598541
318.57,0.0815442577,318.57,293,1092.3649220466614
318.6,0.081577286124,318.6,293,1094.3817539215088
318.63,0.081616692245,318.63,293,1096.4017314910889
318.67,0.081650994718,318.67,293,1098.419596672058
318.7,0.081686377525,318.7,293,1100.439709186554
318.73,0.081719391048,318.73,293,1102.4635186195374
318.77,0.081759855151,318.77,293,1104.4800515174866
318.8,0.081802628934,318.8,293,1106.4982845783234
318.83,0.081836216152,318.83,293,1108.5157632827759
318.87,0.081872455776,318.87,293,1110.5338430404663
318.9,0.081912919879,318.9,293,1112.5513739585876
318.93,0.081959173083,318.93,293,1114.5626952648163
318.97,0.081996142864,318.97,293,1116.5807528495789
319.0,0.082044102252,319.0,293,1118.6016812324524
319.03,0.08208001405,319.03,293,1120.622092962265
319.06,0.082112170756,319.06,293,1122.640105009079
319.1,0.082161650062,319.1,293,1124.6644196510315
319.13,0.082192197442,319.13,293,1126.681846857071
319.17,0.082234680653,319.17,293,1128.7019295692444
319.2,0.082269176841,319.2,293,1130.7193200588226
319.23,0.082306347787,319.23,293,1132.7366898059845
319.26,0.082347743213,319.27,293,1134.7616147994995
319.3,0.082394093275,319.3,293,1136.7786996364594
319.33,0.082427188754,319.33,293,1138.790996313095
319.36,0.082464106381,319.36,293,1140.8029539585114
319.4,0.082505069673,319.4,293,1142.8180475234985
319.43,0.082543931901,319.43,293,1144.8370571136475
319.46,0.082587115467,319.46,293,1146.863022327423
319.5,0.082627892494,319.5,293,1148.8795385360718
319.53,0.08266428113,319.53,293,1150.89484500885
319.56,0.082700423896,319.56,293,1152.9147598743439
319.6,0.082742869854,319.6,293,1154.9332876205444
319.63,0.082787945867,319.63,293,1156.95068192482
319.66,0.082824386656,319.66,293,1158.9670579433441
319.7,0.082861579955,319.7,293,1160.9840068817139
319.73,0.082896225154,319.73,293,1162.9993987083435
319.76,0.082938037813,319.76,293,1165.0150663852692
319.79,0.082981444895,319.79,293,1167.037359714508
319.83,0.083025790751,319.83,293,1169.0684435367584
319.86,0.083066731691,319.86,293,1171.0846173763275
319.89,0.08309917897,319.89,293,1173.1006410121918
319.93,0.083145521581,319.93,293,1175.120843887329
319.96,0.083185918629,319.96,293,1177.1397333145142
319.99,0.083217583597,319.99,293,1179.163808107376
320.03,0.083256416023,320.03,293,1181.1831812858582
320.06,0.083291731775,320.06,293,1183.2039391994476
320.09,0.083331935108,320.09,293,1185.2233312129974
320.13,0.083376444876,320.13,293,1187.2382593154907
320.16,0.083410702646,320.16,293,1189.2588670253754
320.19,0.083443321288,320.19,293,1191.2730219364166
320.23,0.083490811288,320.23,293,1193.2885439395905
320.26,0.083528392017,320.26,293,1195.3039264678955
320.29,0.083560980856,320.29,293,1197.3212282657623
320.33,0.083608053625,320.33,293,1199.3379848003387
320.36,0.083642929792,320.36,293,1201.3638503551483
320.39,0.083686113358,320.39,293,1203.3807158470154
320.43,0.083727560937,320.43,293,1205.4000735282898
320.46,0.08376237005,320.46,293,1207.4185802936554
320.49,0.083797365427,320.49,293,1209.4352622032166
320.52,0.083834700286,320.52,293,1211.4532580375671
320.56,0.083875231445,320.56,293,1213.469337463379
320.59,0.083915904164,320.59,293,1215.485847711563
320.62,0.083945892751,320.62,293,1217.5099415779114
320.66,0.083979897201,320.66,293,1219.5263431072235
320.69,0.084017664194,320.69,293,1221.5442731380463
320.72,0.084057219326,320.72,293,1223.5679066181183
320.76,0.084097214043,320.76,293,1225.588675737381
320.79,0.084129877388,320.79,293,1227.6037740707397
320.82,0.0841666013,320.82,293,1229.618567943573
320.86,0.08420457691,320.86,293,1231.6333417892456
320.89,0.084254570305,320.89,293,1233.649447441101
320.92,0.084284640849,320.92,293,1235.6648960113525
320.96,0.084330193698,320.96,293,1237.6788499355316
320.99,0.08436563611,320.99,293,1239.6951880455017
321.02,0.084396518767,321.02,293,1241.714093208313
321.05,0.084432587028,321.05,293,1243.7296624183655
321.09,0.084460161626,321.09,293,1245.745299577713
321.12,0.084497593343,321.12,293,1247.7711021900177
321.16,0.084543809295,321.16,293,1249.7922494411469
321.19,0.084592096508,321.19,293,1251.8095242977142
321.22,0.084624372423,321.22,293,1253.8266942501068
321.25,0.084656357765,321.25,293,1255.842788219452
321.29,0.084703914821,321.29,293,1257.8670580387115
321.32,0.084745459259,321.32,293,1259.882048368454
321.35,0.084768220782,321.35,293,1261.8959381580353
321.39,0.08481606096,321.39,293,1263.913146018982
321.42,0.084847852588,321.42,293,1265.9316210746765
321.45,0.084888167679,321.45,293,1267.9514119625092
321.49,0.084925405681,321.49,293,1269.969574213028
321.52,0.084948532283,321.52,293,1271.9896812438965
321.55,0.084992490709,321.55,293,1274.0058131217957
321.59,0.085028596222,321.59,293,1276.0247411727905
321.62,0.085054598749,321.62,293,1278.041848897934
321.65,0.08510542661,321.65,293,1280.0670223236084
321.69,0.085140034556,321.69,293,1282.0826261043549
321.72,0.08515843004,321.72,293,1284.0993452072144
321.75,0.085207760334,321.75,293,1286.113492012024
321.78,0.085246734321,321.78,293,1288.132958650589
321.82,0.085273258388,321.82,293,1290.1459259986877
321.85,0.085314251482,321.85,293,1292.1697568893433
321.89,0.085358269513,321.89,293,1294.1849279403687
321.92,0.085399404168,321.92,293,1296.2008278369904
321.95,0.085436068475,321.95,293,1298.2213099002838
321.98,0.085465736687,321.98,293,1300.2377042770386
322.02,0.085493907332,322.02,293,1302.2572495937347
322.05,0.085545189679,322.05,293,1304.2749574184418
322.08,0.08557420224,322.08,293,1306.2908205986023
322.12,0.085624426603,322.12,293,1308.3089945316315
322.15,0.08565568924,322.15,293,1310.3287677764893
322.18,0.085689291358,322.18,293,1312.3484890460968
322.22,0.08572807163,322.22,293,1314.3704085350037
322.25,0.085763506591,322.25,293,1316.3858273029327
322.28,0.085788801312,322.28,293,1318.398277759552
322.32,0.085832990706,322.32,293,1320.4146609306335
322.35,0.085863113403,322.35,293,1322.4339077472687
322.38,0.085906639695,322.38,293,1324.4499292373657
322.42,0.085951454937,322.42,293,1326.4743626117706
322.45,0.085983350873,322.45,293,1328.4908754825592
322.48,0.086020514369,322.48,293,1330.5112056732178
322.51,0.086057275534,322.51,293,1332.5312323570251
322.55,0.086099974811,322.55,293,1334.5504050254822
322.58,0.086130067706,322.58,293,1336.5737586021423
322.61,0.086163751781,322.61,293,1338.6019043922424
322.65,0.08619555831,322.65,293,1340.6167800426483
322.68,0.086233533919,322.68,293,1342.6328601837158
322.71,0.086261443794,322.71,293,1344.6488726139069
322.75,0.086293265224,322.75,293,1346.667499780655
322.78,0.086339503527,322.78,293,1348.6829617023468
322.81,0.086370050907,322.81,293,1350.7001368999481
322.85,0.086405582726,322.85,293,1352.71866440773
322.88,0.086437031627,322.88,293,1354.7372550964355
322.91,0.086484655738,322.91,293,1356.7546985149384
322.95,0.086521357298,322.95,293,1358.7706127166748
322.98,0.086546525359,322.98,293,1360.7887454032898
323.01,0.086585253477,323.01,293,1362.808586359024
323.05,0.08662956208,323.05,293,1364.8256614208221
323.08,0.086671710014,323.08,293,1366.8447935581207
323.11,0.086693756282,323.11,293,1368.869017124176
323.15,0.08673068136,323.15,293,1370.8817670345306
323.18,0.086762756109,323.18,293,1372.8995504379272
323.21,0.086792752147,323.21,293,1374.916276216507
323.24,0.086841449142,323.24,293,1376.9318425655365
323.28,0.086876675487,323.28,293,1378.9477288722992
323.31,0.086905471981,323.31,293,1380.975016593933
323.35,0.086942829192,323.35,293,1382.9933414459229
323.38,0.086965464056,323.38,293,1385.0109748840332
323.41,0.087010204792,323.41,293,1387.038577079773
323.44,0.087041519582,323.44,293,1389.0546708106995
323.48,0.087083756924,323.48,293,1391.0747261047363
323.51,0.087115637958,323.51,293,1393.0922486782074
323.54,0.087145373225,323.54,293,1395.1100807189941
323.58,0.087198145688,323.58,293,1397.1256408691406
323.61,0.087231576443,323.61,293,1399.140578508377
323.64,0.08725913614,323.64,293,1401.1648778915405
323.68,0.08730892092,323.68,293,1403.1800587177277
323.71,0.087338455021,323.71,293,1405.1997292041779
323.74,0.087371230125,323.74,293,1407.218454360962
323.78,0.087400645018,323.78,293,1409.2355241775513
323.81,0.08744930476,323.81,293,1411.256360054016
323.84,0.08747150749,323.84,293,1413.276391506195
323.88,0.087520644069,323.88,293,1415.2935812473297
323.91,0.087539382279,323.91,293,1417.3098278045654
323.94,0.087575905025,323.94,293,1419.3259718418121
323.98,0.08762177825,323.98,293,1421.3433377742767
324.01,0.08765270561,324.01,293,1423.3565628528595
324.04,0.087697118521,324.04,293,1425.3742320537567
324.08,0.087727680802,324.08,293,1427.389535188675
324.11,0.087760403752,324.11,293,1429.4059734344482
324.14,0.087804034352,324.14,293,1431.4240925312042
324.17,0.087839260697,324.17,293,1433.445510149002
324.21,0.087867431343,324.21,293,1435.475219964981
324.24,0.087890893221,324.24,293,1437.4951801300049
324.27,0.087932266295,324.27,293,1439.5149748325348
324.31,0.087964676321,324.31,293,1441.5355248451233
324.34,0.088006488979,324.34,293,1443.5540413856506
324.38,0.088036924601,324.38,293,1445.5733041763306
324.41,0.088077142835,324.41,293,1447.5926632881165
324.44,0.088099680841,324.44,293,1449.608258008957
324.47,0.088140942156,324.47,293,1451.6252994537354
324.51,0.088180497289,324.51,293,1453.641042470932
324.54,0.088226810098,324.54,293,1455.658262014389
324.57,0.088259957731,324.57,293,1457.6753041744232
324.61,0.088288500905,324.61,293,1459.6925654411316
324.64,0.088324710727,324.64,293,1461.7071986198425
324.67,0.088356234133,324.67,293,1463.722054719925
324.71,0.088378213346,324.71,293,1465.739520072937
324.74,0.08841534704,324.74,293,1467.7598006725311
324.77,0.088457331061,324.77,293,1469.7783544063568
324.81,0.08848246187,324.81,293,1471.7963454723358
324.84,0.088517598808,324.84,293,1473.8121852874756
324.87,0.088556870818,324.87,293,1475.8286321163177
324.9,0.088584013283,324.9,293,1477.8472244739532
324.94,0.088619343936,324.94,293,1479.868509054184
324.97,0.088650815189,324.97,293,1481.8864240646362
325.01,0.088689401746,325.01,293,1483.9118921756744
325.04,0.088728114963,325.04,293,1485.9308626651764
325.07,0.088762275875,325.07,293,1487.9488778114319
325.11,0.0888036713,325.11,293,1489.9765164852142
325.14,0.088830038905,325.14,293,1491.9973356723785
325.17,0.088867902756,325.17,293,1494.0151669979095
325.2,0.088895834982,325.2,293,1496.0331568717957
325.24,0.088924273849,325.24,293,1498.0498685836792
325.27,0.088953047991,325.27,293,1500.076515197754
325.3,0.088993147016,325.3,293,1502.092379808426
325.34,0.089037545025,325.34,293,1504.1073215007782
325.37,0.089063741267,325.37,293,1506.120695590973
325.4,0.089088879526,325.4,293,1508.1383106708527
325.44,0.089135572314,325.44,293,1510.1663465499878
325.47,0.089171856642,325.47,293,1512.1853857040405
325.5,0.089201137424,325.5,293,1514.2052764892578
325.54,0.089231871068,325.54,293,1516.2244217395782
325.57,0.089258424938,325.57,293,1518.2425346374512
325.6,0.089297302067,325.6,293,1520.2600841522217
325.64,0.089333213866,325.64,293,1522.278718471527
325.67,0.08935687691,325.67,293,1524.2948966026306
325.7,0.089406482875,325.7,293,1526.3152585029602
325.74,0.0894286111,325.74,293,1528.3326306343079
325.77,0.089472264051,325.77,293,1530.3494131565094
325.8,0.089514099061,325.8,293,1532.3754289150238
325.84,0.089531950653,325.84,293,1534.3930616378784
325.87,0.089566513896,325.87,293,1536.4146790504456
325.9,0.089601106942,325.9,293,1538.4314215183258
325.93,0.089634038508,325.93,293,1540.44717502594
325.97,0.089681200683,325.97,293,1542.4722685813904
326.0,0.08971721679,326.0,293,1544.4897639751434
326.03,0.089744769037,326.03,293,1546.508050918579
326.07,0.089777708054,326.07,293,1548.529053926468
326.1,0.089809201658,326.1,293,1550.544795513153
326.13,0.089843980968,326.13,293,1552.5612502098083
326.17,0.089879624546,326.17,293,1554.5748085975647
326.2,0.089913785458,326.2,293,1556.5901901721954
326.23,0.089932091534,326.23,293,1558.6082572937012
326.27,0.089964255691,326.27,293,1560.6318671703339
326.3,0.090008229017,326.3,293,1562.6479814052582
326.33,0.090034469962,326.34,293,1564.6734726428986
326.37,0.090068124235,326.37,293,1566.6888101100922
326.4,0.09009667486,326.4,293,1568.7086975574493
326.43,0.090130768716,326.43,293,1570.728955745697
326.47,0.09015930444,326.47,293,1572.7477390766144
326.5,0.090181641281,326.5,293,1574.7709538936615
326.53,0.090228453279,326.53,293,1576.7886202335358
326.57,0.090264819562,326.57,293,1578.8069496154785
326.6,0.090303607285,326.6,293,1580.8243610858917
326.63,0.090333841741,326.63,293,1582.8376276493073
326.67,0.090361364186,326.67,293,1584.8563694953918
326.7,0.090399466455,326.7,293,1586.8809518814087
326.73,0.090420253575,326.73,293,1588.90318441391
326.77,0.090468138456,326.77,293,1590.923154592514
326.8,0.09048487246,326.8,293,1592.940854549408
326.83,0.090529553592,326.83,293,1594.9586644172668
326.87,0.090565904975,326.87,293,1596.9776630401611
326.9,0.090596631169,326.9,293,1598.9979577064514
326.93,0.090633124113,326.93,293,1601.0151007175446
326.96,0.090668290854,326.96,293,1603.0321803092957
327.0,0.090693376958,327.0,293,1605.0493347644806
327.03,0.0907259956,327.03,293,1607.0720686912537
327.07,0.090754553676,327.07,293,1609.0879130363464
327.1,0.090786360204,327.1,293,1611.1009397506714
327.13,0.090820915997,327.13,293,1613.116626739502
327.16,0.090855941176,327.16,293,1615.1351449489594
327.2,0.090873800218,327.2,293,1617.1533787250519
327.23,0.090911738575,327.23,293,1619.177835226059
327.27,0.090942941606,327.27,293,1621.1983172893524
327.3,0.090978257358,327.3,293,1623.2153193950653
327.33,0.09099496901,327.33,293,1625.2317917346954
327.36,0.091035544872,327.36,293,1627.2500114440918
327.4,0.091077655554,327.4,293,1629.2742280960083
327.43,0.091107688844,327.43,293,1631.2895903587341
327.46,0.091131679714,327.46,293,1633.3053612709045
327.5,0.091164417565,327.5,293,1635.3218877315521
327.53,0.091202132404,327.53,293,1637.3370378017426
327.56,0.091229401529,327.56,293,1639.3551142215729
327.6,0.091262206435,327.6,293,1641.3788776397705
327.63,0.091292522848,327.63,293,1643.3985905647278
327.66,0.091324158013,327.66,293,1645.4184083938599
327.7,0.091355033219,327.7,293,1647.4352624416351
327.73,0.091386169195,327.73,293,1649.4493896961212
327.76,0.091419972479,327.76,293,1651.4721977710724
327.8,0.091445796192,327.8,293,1653.4899530410767
327.83,0.091475658119,327.83,293,1655.5059447288513
327.86,0.09151276201,327.86,293,1657.5209591388702
327.9,0.091537028551,327.9,293,1659.540095090866
327.93,0.091574504972,327.93,293,1661.55637383461
327.96,0.091605678201,327.96,293,1663.5777351856232
328.0,0.091642044485,328.0,293,1665.5940115451813
328.03,0.091667488217,328.03,293,1667.6124572753906
328.06,0.09170370549,328.06,293,1669.6298718452454
328.09,0.091724701226,328.09,293,1671.6467034816742
328.13,0.091760650277,328.13,293,1673.6678049564362
328.16,0.091787397861,328.16,293,1675.6832885742188
328.2,0.091816611588,328.2,293,1677.700073480606
328.23,0.091841928661,328.23,293,1679.7174227237701
328.26,0.091876238585,328.26,293,1681.7340638637543
328.29,0.091905318201,328.29,293,1683.7602796554565
328.33,0.091944634914,328.33,293,1685.790453195572
328.36,0.091971926391,328.36,293,1687.8054955005646
328.39,0.091991424561,328.39,293,1689.8179397583008
328.43,0.092028439045,328.43,293,1691.836400270462
328.46,0.092068955302,328.46,293,1693.855363368988
328.49,0.092095017433,328.49,293,1695.8785786628723
328.53,0.092122755945,328.53,293,1697.8952238559723
328.56,0.092152744532,328.56,293,1699.9153220653534
328.59,0.092191062868,328.59,293,1701.934160709381
328.63,0.092225894332,328.63,293,1703.9521048069
328.66,0.092252120376,328.66,293,1705.9750754833221
328.69,0.092283993959,328.69,293,1707.9919908046722
328.73,0.09230773896,328.73,293,1710.0116641521454
328.76,0.092336304486,328.76,293,1712.0396230220795
328.79,0.092354282737,328.79,293,1714.0558648109436
328.83,0.092395208776,328.83,293,1716.0814638137817
328.86,0.092429019511,328.86,293,1718.097232580185
328.89,0.092445649207,328.89,293,1720.113594532013
328.93,0.092476569116,328.93,293,1722.1300537586212
328.96,0.092510737479,328.96,293,1724.1481058597565
328.99,0.09254553169,328.99,293,1726.1638824939728
329.03,0.092573553324,329.03,293,1728.1823015213013
329.06,0.092603348196,329.06,293,1730.2030243873596
329.09,0.092642180622,329.09,293,1732.2199974060059
329.13,0.092672593892,329.13,293,1734.2363951206207
329.16,0.092691399157,329.16,293,1736.260995388031
329.19,0.092728674412,329.19,293,1738.2871580123901
329.23,0.092751272023,329.23,293,1740.3026566505432
329.26,0.092788435519,329.26,293,1742.316586971283
329.29,0.09281925112,329.29,293,1744.3292262554169
329.32,0.092848606408,329.32,293,1746.344456911087
329.36,0.092873610556,329.36,293,1748.3631546497345
329.39,0.092898763716,329.39,293,1750.3833475112915
329.42,0.092934027314,329.42,293,1752.4023559093475
329.46,0.09296362102,329.46,293,1754.4205181598663
329.49,0.092984624207,329.49,293,1756.43634557724
329.52,0.093015752733,329.52,293,1758.451992034912
329.56,0.093048326671,329.56,293,1760.474665403366
329.59,0.09308231622,329.59,293,1762.4953200817108
329.62,0.093105703592,329.62,293,1764.5109627246857
329.66,0.093142740428,329.66,293,1766.5252261161804
329.69,0.093176715076,329.69,293,1768.5410678386688
329.72,0.09319870919,329.72,293,1770.554951429367
329.76,0.093224875629,329.76,293,1772.5758173465729
329.79,0.093254432082,329.79,293,1774.5937395095825
329.82,0.093285180628,329.82,293,1776.611831665039
329.86,0.093308024108,329.86,293,1778.6297619342804
329.89,0.093338742852,329.89,293,1780.6473498344421
329.92,0.093361131847,329.92,293,1782.6686217784882
329.96,0.09339299798,329.96,293,1784.694585800171
329.99,0.093429990113,329.99,293,1786.7102205753326
330.02,0.093450687826,330.02,293,1788.7301771640778
330.06,0.093482084572,330.06,293,1790.7479393482208
330.09,0.093507416546,330.09,293,1792.765217781067
330.12,0.093543790281,330.12,293,1794.780772447586
330.16,0.093564592302,330.16,293,1796.7932810783386
330.19,0.09359433502,330.19,293,1798.804750919342
330.22,0.093619771302,330.22,293,1800.8221464157104
330.25,0.093652702868,330.25,293,1802.8421852588654
330.29,0.093679860234,330.29,293,1804.858258485794
330.32,0.093707002699,330.32,293,1806.8821086883545
330.36,0.093727581203,330.36,293,1808.8990099430084
330.39,0.093764334917,330.39,293,1810.913043498993
330.42,0.093788638711,330.42,293,1812.9309916496277
330.45,0.093809738755,330.45,293,1814.9459896087646
330.49,0.093847207725,330.49,293,1816.9625520706177
330.52,0.093880169094,330.52,293,1818.9833462238312
330.55,0.09390296787,330.55,293,1820.9972043037415
330.59,0.093931898475,330.59,293,1823.0107018947601
330.62,0.093957595527,330.62,293,1825.0279579162598
330.65,0.093989603221,330.65,293,1827.045039653778
330.69,0.094023026526,330.69,293,1829.0699763298035
330.72,0.094050742686,330.72,293,1831.0863461494446
330.75,0.094069629908,330.75,293,1833.1053745746613
330.79,0.094112612307,330.79,293,1835.1243216991425
330.82,0.094132475555,330.82,293,1837.140819311142
330.85,0.094154827297,330.85,293,1839.158522605896
330.89,0.094179354608,330.89,293,1841.1845788955688
330.92,0.094209067523,330.92,293,1843.2033457756042
330.95,0.094233259559,330.95,293,1845.218260526657
330.99,0.22106455266,330.99,293,1847.232343673706
331.02,0.093990467489,331.02,293,1849.248502254486
331.05,0.094018213451,331.05,293,1851.2656152248383
331.09,0.094050846994,331.09,293,1853.2873771190643
331.12,0.09407632798,331.12,293,1855.306387424469
331.15,0.094102308154,331.15,293,1857.3256282806396
331.19,0.09412381798,331.19,293,1859.3443460464478
331.22,0.094151899219,331.22,293,1861.364620923996
331.25,0.094182185829,331.25,293,1863.3849341869354
331.29,0.094209007919,331.29,293,1865.4045882225037
331.32,0.094240397215,331.32,293,1867.4201369285583
331.35,0.094269618392,331.35,293,1869.4363877773285
331.38,0.094292320311,331.38,293,1871.4521384239197
331.42,0.094320967793,331.42,293,1873.4672820568085
331.45,0.094341918826,331.45,293,1875.485678911209
331.48,0.094360217452,331.48,293,1877.5084817409515
331.52,0.094396919012,331.52,293,1879.5269680023193
331.55,0.094421155751,331.55,293,1881.5470247268677
331.58,0.094448283315,331.58,293,1883.565321445465
331.62,0.094483226538,331.62,293,1885.5853090286255
331.65,0.094503514469,331.65,293,1887.6017270088196
331.68,0.094526059926,331.68,293,1889.6178765296936
331.15,0.095056459308,331.15,293,0.35535645484924316
330.94,0.094975851476,330.94,293,2.3747692108154297
331.73,0.094942033291,331.73,293,4.389661073684692
332.87,0.095010690391,332.87,293,6.407323598861694
333.3,0.095107421279,333.3,293,8.423969984054565
333.17,0.095188617706,333.17,293,10.442839622497559
332.83,0.095244646072,332.81,293,12.466054916381836
332.54,0.095262043178,332.54,293,14.484915971755981
332.47,0.095279917121,332.47,293,16.501115798950195
332.57,0.095299400389,332.57,293,18.51739263534546
332.69,0.095318473876,332.69,293,20.531389236450195
332.77,0.095354966819,332.77,293,22.55723476409912
332.78,0.095381513238,332.78,293,24.573654890060425
332.78,0.095407187939,332.78,293,26.592920780181885
332.8,0.095429077744,332.8,293,28.61100435256958
332.83,0.095452100039,332.83,293,30.628293991088867
332.88,0.095474205911,332.88,293,32.645991563797
332.92,0.095497168601,332.92,293,34.668471574783325
332.95,0.095519572496,332.95,293,36.68281841278076
332.98,0.095547839999,332.98,293,38.70008659362793
333.01,0.095569200814,333.01,293,40.716681480407715
333.04,0.09559558332,333.04,293,42.73056411743164
333.08,0.095620416105,333.08,293,44.744537115097046
333.11,0.095644578338,333.11,293,46.759413719177246
333.14,0.095655359328,333.14,293,48.77139949798584
333.18,0.095674693584,333.18,293,50.78394603729248
333.21,0.095702670515,333.21,293,52.800771951675415
333.24,0.095723770559,333.24,293,54.8177535533905
333.27,0.095738649368,333.27,293,56.83560228347778
333.31,0.09576562047,333.31,293,58.85038423538208
333.34,0.095779322088,333.34,293,60.870328187942505
333.38,0.095810621977,333.38,293,62.88453722000122
333.41,0.095832876861,333.41,293,64.89819383621216
333.44,0.095859564841,333.44,293,66.91751837730408
333.47,0.095883361995,333.47,293,68.93295860290527
333.51,0.095906488597,333.51,293,70.95144772529602
333.54,0.09592794627,333.54,293,72.97563409805298
333.57,0.095942676067,333.57,293,74.99364304542542
333.61,0.095967322588,333.61,293,77.00999450683594
333.64,0.095993809402,333.64,293,79.02727389335632
333.67,0.096015490592,333.67,293,81.04515933990479
333.71,0.09604293853,333.71,293,83.07302951812744
333.74,0.096055209637,333.74,293,85.09182262420654
333.77,0.096078813076,333.77,293,87.10868954658508
333.81,0.09609734267,333.81,293,89.12722706794739
333.84,0.096128001809,333.84,293,91.14950585365295
333.87,0.096149913967,333.87,293,93.18273091316223
333.91,0.096171729267,333.91,293,95.19945478439331
333.94,0.096194215119,333.94,293,97.21313714981079
333.97,0.096224546432,333.97,293,99.23316669464111
334.01,0.096235238016,334.01,293,101.25107097625732
334.04,0.09626365453,334.04,293,103.27640080451965
334.07,0.096288628876,334.07,293,105.29572558403015
334.11,0.096307769418,334.11,293,107.31505465507507
334.14,0.096321672201,334.14,293,109.33402252197266
334.17,0.09635873884,334.17,293,111.35080671310425
334.21,0.096378184855,334.21,293,113.37638139724731
334.24,0.096400015056,334.24,293,115.39298892021179
334.27,0.096424512565,334.27,293,117.41017746925354
334.3,0.09644176811,334.3,293,119.43008041381836
334.34,0.096461258829,334.34,293,121.44576525688171
334.37,0.096476040781,334.37,293,123.47893261909485
334.4,0.096495471895,334.4,293,125.49474477767944
334.44,0.096518501639,334.44,293,127.51407933235168
334.47,0.096545383334,334.47,293,129.5310173034668
334.5,0.096564516425,334.5,293,131.55346965789795
334.54,0.096590697765,334.54,293,133.57950639724731
334.57,0.096611075103,334.57,293,135.59612345695496
334.6,0.09662938863,334.6,293,137.61256051063538
334.64,0.096649877727,334.64,293,139.62759613990784
334.67,0.09667430073,334.67,293,141.64493227005005
334.7,0.09668507427,334.7,293,143.6583821773529
334.74,0.096719272435,334.74,293,145.6841139793396
334.77,0.096727974713,334.77,293,147.70159649848938
334.8,0.096756838262,334.8,293,149.71896934509277
334.84,0.096771158278,334.84,293,151.73467421531677
334.87,0.096785880625,334.87,293,153.75332045555115
334.9,0.096810989082,334.9,293,155.78016018867493
334.94,0.096830703318,334.94,293,157.79741954803467
334.97,0.09684868902,334.97,293,159.81604027748108
335.0,0.096859954298,335.0,293,161.83530259132385
335.04,0.096881046891,335.04,293,163.85206055641174
335.07,0.096891574562,335.07,293,165.87599802017212
335.1,0.096920542419,335.1,293,167.88813138008118
335.14,0.096945852041,335.14,293,169.9030168056488
335.17,0.096960261464,335.17,293,171.91933512687683
335.2,0.09697547555,335.2,293,173.93524956703186
335.24,0.097001813352,335.24,293,175.95502519607544
335.27,0.097016625106,335.27,293,177.97648572921753
335.3,0.097034499049,335.3,293,179.99422097206116
335.34,0.097058534622,335.34,293,182.01189756393433
335.37,0.097073726356,335.37,293,184.0291428565979
335.4,0.097095303237,335.4,293,186.04886984825134
335.43,0.097117230296,335.44,293,188.07175040245056
335.47,0.097140930593,335.47,293,190.08618307113647
335.5,0.097160115838,335.5,293,192.1017348766327
335.53,0.097174830735,335.53,293,194.1211133003235
335.57,0.097184561193,335.57,293,196.1381778717041
335.6,0.097204871476,335.6,293,198.154718875885
335.64,0.09721492976,335.64,293,200.17908716201782
335.67,0.097229272127,335.67,293,202.1976237297058
335.7,0.097252599895,335.7,293,204.21723985671997
335.73,0.09727473557,335.73,293,206.2336962223053
335.77,0.097290754318,335.77,293,208.25037503242493
335.8,0.097314096987,335.8,293,210.27467727661133
335.83,0.097326055169,335.83,293,212.2920117378235
335.87,0.097344003618,335.87,293,214.31171417236328
335.9,0.097357936203,335.9,293,216.33175468444824
335.93,0.097377724946,335.93,293,218.3484082221985
335.97,0.097394168377,335.97,293,220.37455129623413
336.0,0.097410723567,336.0,293,222.39944505691528
336.03,0.097428515553,336.03,293,224.41688203811646
336.07,0.097441799939,336.07,293,226.435702085495
336.1,0.097457334399,336.1,293,228.45223927497864
336.13,0.097480461001,336.13,293,230.4797146320343
336.17,0.097503140569,336.17,293,232.49921107292175
336.2,0.097515009344,336.2,293,234.51445055007935
336.23,0.097542129457,336.23,293,236.53256511688232
336.27,0.097548231483,336.27,293,238.54892563819885
336.3,0.097568720579,336.3,293,240.57730436325073
336.33,0.0975786075,336.33,293,242.59495520591736
336.37,0.097606740892,336.37,293,244.61286973953247
336.4,0.097623318434,336.4,293,246.62853002548218
336.43,0.097631879151,336.43,293,248.65084886550903
336.47,0.097649730742,336.47,293,250.68455815315247
336.5,0.097663529217,336.5,293,252.70074892044067
336.53,0.097686417401,336.53,293,254.71915102005005
336.57,0.097693912685,336.57,293,256.7323637008667
336.6,0.09769770503,336.6,293,258.75172448158264
336.63,0.097721748054,336.63,293,260.7773656845093
336.67,0.097740285099,336.67,293,262.7931184768677
336.7,0.097757421434,336.7,293,264.8107213973999
336.73,0.097767539322,336.73,293,266.8313798904419
336.77,0.097788214684,336.77,293,268.8522963523865
336.8,0.097803257406,336.8,293,270.8780813217163
336.83,0.097814030945,336.83,293,272.89802527427673
336.87,0.097830064595,336.87,293,274.9186236858368
336.9,0.097835786641,336.9,293,276.9377489089966
336.93,0.097851827741,336.93,293,278.9511740207672
336.97,0.097866758704,336.97,293,280.97266268730164
337.0,0.097885854542,337.0,293,282.99177646636963
337.03,0.097893677652,337.03,293,285.0084273815155
337.07,0.097921378911,337.07,293,287.0295910835266
337.1,0.097931139171,337.1,293,289.04960680007935
337.13,0.097945965827,337.13,293,291.0742802619934
337.17,0.097957096994,337.17,293,293.092431306839
337.2,0.097975291312,337.2,293,295.1084072589874
337.23,0.097983025014,337.23,293,297.1303379535675
337.26,0.097998097539,337.26,293,299.1463279724121
337.3,0.098016902804,337.3,293,301.16311049461365
337.33,0.098024174571,337.33,293,303.1821086406708
337.37,0.098035767674,337.37,293,305.20007944107056
337.4,0.098044209182,337.4,293,307.2178874015808
337.43,0.09805650264,337.43,293,309.2349753379822
337.46,0.098071329296,337.46,293,311.25385785102844
337.5,0.098081156611,337.5,293,313.2786133289337
337.53,0.098101712763,337.53,293,315.29744148254395
337.56,0.098115794361,337.56,293,317.31423020362854
337.6,0.098125509918,337.6,293,319.33369183540344
337.63,0.098141551018,337.63,293,321.34894919395447
337.66,0.098155483603,337.66,293,323.36646604537964
337.7,0.098160378635,337.7,293,325.3798246383667
337.73,0.098177224398,337.73,293,327.39965534210205
337.76,0.098187193274,337.76,293,329.4190330505371
337.8,0.098204985261,337.8,293,331.4369421005249
337.83,0.098208203912,337.83,293,333.4572250843048
337.86,0.098213925958,337.86,293,335.48369884490967
337.9,0.098221115768,337.9,293,337.50284790992737
337.93,0.098236948252,337.93,293,339.5211937427521
337.96,0.098249681294,337.96,293,341.53945994377136
338.0,0.098260246217,338.0,293,343.5586566925049
338.03,0.098271600902,338.03,293,345.58242440223694
338.06,0.098281905055,338.06,293,347.6005268096924
338.1,0.098295457661,338.1,293,349.61999249458313
338.13,0.098304517567,338.13,293,351.6381437778473
338.16,0.098310880363,338.16,293,353.65506863594055
338.2,0.09831725806,338.2,293,355.6805348396301
338.23,0.098328873515,338.23,293,357.69545888900757
338.26,0.098324678838,338.26,293,359.7117717266083
338.3,0.09834163636,338.3,293,361.72897005081177
338.33,0.098359674215,338.33,293,363.7488205432892
338.36,0.098362393677,338.36,293,365.76847314834595
338.4,0.098378442228,338.4,293,367.78490447998047
338.43,0.098380401731,338.43,293,369.8008029460907
338.46,0.098398372531,338.46,293,371.81628346443176
338.5,0.098413281143,338.5,293,373.83376574516296
338.53,0.098409347236,338.53,293,375.85065150260925
338.56,0.09842287004,338.56,293,377.86860513687134
338.6,0.098423741758,338.6,293,379.88634967803955
338.63,0.098432481289,338.63,293,381.903849363327
338.66,0.098440811038,338.66,293,383.92421436309814
338.7,0.098457835615,338.7,293,385.94102597236633
338.73,0.098459623754,338.73,293,387.95911717414856
338.77,0.098468102515,338.77,293,389.9835410118103
338.8,0.098472580314,338.8,293,391.99991488456726
338.83,0.098483227193,338.83,293,394.0152564048767
338.86,0.098483659327,338.86,293,396.03490805625916
338.9,0.098488330841,338.9,293,398.05283284187317
338.93,0.098491311073,338.93,293,400.07729744911194
338.97,0.098497182131,338.97,293,402.09447622299194
339.0,0.098515950143,339.0,293,404.1214325428009
339.03,0.098522350192,339.03,293,406.14059948921204
339.07,0.098518043756,339.07,293,408.15850472450256
339.1,0.09852604568,339.1,293,410.18522810935974
339.13,0.098532967269,339.13,293,412.20068287849426
339.17,0.0985410586,339.17,293,414.21358919143677
339.2,0.098541133106,339.2,293,416.23355197906494
339.23,0.098546892405,339.23,293,418.2505340576172
339.27,0.098553001881,339.27,293,420.2687015533447
339.3,0.098560258746,339.3,293,422.28477358818054
339.33,0.098561935127,339.33,293,424.30040884017944
339.37,0.098571911454,339.37,293,426.31617760658264
339.4,0.098574884236,339.4,293,428.3361961841583
339.43,0.098578922451,339.43,293,430.357412815094
339.47,0.098581567407,339.47,293,432.3816900253296
339.5,0.098583608866,339.5,293,434.3983516693115
339.54,0.098585225642,339.54,293,436.40988993644714
339.57,0.098589472473,339.57,293,438.43054842948914
339.6,0.09859187901,339.6,293,440.45099663734436
339.63,0.098597869277,339.63,293,442.4685900211334
339.67,0.098599374294,339.67,293,444.48519110679626
339.7,0.098593734205,339.7,293,446.5028328895569
339.74,0.098591715097,339.74,293,448.5212481021881
339.77,0.098589733243,339.77,293,450.5425851345062
339.8,0.098600700498,339.8,293,452.55660605430603
339.84,0.098611399531,339.84,293,454.59170961380005
339.87,0.098605364561,339.87,293,456.62050676345825
339.9,0.098616562784,339.9,293,458.6382610797882
339.94,0.098609775305,339.94,293,460.6528596878052
339.97,0.098609901965,339.97,293,462.67407155036926
340.01,0.098609864712,340.01,293,464.6928267478943
340.04,0.098608955741,340.04,293,466.71071100234985
340.07,0.098606057465,340.07,293,468.7302281856537
340.11,0.098616741598,340.11,293,470.74334740638733
340.14,0.098609745502,340.14,293,472.7626762390137
340.17,0.098613508046,340.17,293,474.7882628440857
340.21,0.098610423505,340.21,293,476.8090364933014
340.24,0.098612256348,340.24,293,478.82623744010925
340.27,0.098611786962,340.27,293,480.8427653312683
340.31,0.098609566689,340.31,293,482.85646772384644
340.34,0.09861048311,340.34,293,484.87409114837646
340.38,0.098604090512,340.38,293,486.89305448532104
340.41,0.098603025079,340.41,293,488.9117908477783
340.44,0.098597809672,340.44,293,490.9291253089905
340.47,0.098593138158,340.47,293,492.94654655456543
340.51,0.09858482331,340.51,293,494.9650890827179
340.54,0.098585255444,340.54,293,496.9862365722656
340.58,0.098583757877,340.58,293,499.0005657672882
340.61,0.098582081497,340.61,293,501.0187797546387
340.64,0.098577767611,340.64,293,503.03203988075256
340.68,0.09858071059,340.68,293,505.05617332458496
340.71,0.098570249975,340.71,293,507.07443833351135
340.74,0.098570309579,340.74,293,509.09076619148254
340.78,0.098564505577,340.78,293,511.10732531547546
340.81,0.098554745317,340.81,293,513.1272268295288
340.84,0.098548136652,340.84,293,515.147271156311
340.88,0.098549336195,340.88,293,517.1672439575195
340.91,0.098547622561,340.91,293,519.1932134628296
340.95,0.098534427583,340.95,293,521.2113990783691
340.98,0.098532825708,340.98,293,523.2309992313385
341.01,0.098523162305,341.01,293,525.2446403503418
341.05,0.098510719836,341.05,293,527.2616996765137
341.08,0.09850102663,341.08,293,529.2857775688171
341.11,0.098489686847,341.11,293,531.3072233200073
341.15,0.098489336669,341.15,293,533.3257491588593
341.18,0.098490528762,341.18,293,535.3450996875763
341.21,0.09847535193,341.21,293,537.3606517314911
341.25,0.098462767899,341.25,293,539.3850293159485
341.28,0.098459489644,341.28,293,541.4022715091705
341.32,0.098447173834,341.32,293,543.4201831817627
341.35,0.098439656198,341.35,293,545.4347598552704
341.38,0.098425112665,341.38,293,547.4507400989532
341.42,0.098424293101,341.42,293,549.4669177532196
341.45,0.098411023617,341.45,293,551.4907386302948
341.48,0.09840657562,341.48,293,553.503603219986
341.52,0.098387129605,341.52,293,555.5279207229614
341.55,0.098382882774,341.55,293,557.542759180069
341.58,0.098371572793,341.58,293,559.5602777004242
341.62,0.098357401788,341.62,293,561.5849764347076
341.65,0.098351940513,341.65,293,563.601881980896
341.69,0.098335370421,341.69,293,565.618551492691
341.72,0.098323903978,341.72,293,567.6309666633606
341.75,0.09830404073,341.75,293,569.6459748744965
341.79,0.098291762173,341.79,293,571.6650876998901
341.82,0.098280638456,341.82,293,573.6900563240051
341.85,0.098272465169,341.85,293,575.7027902603149
341.89,0.098254315555,341.89,293,577.715927362442
341.92,0.098238416016,341.92,293,579.7442750930786
341.95,0.09821497649,341.95,293,581.758460521698
341.99,0.098211653531,341.99,293,583.7767238616943
342.02,0.098191834986,342.02,293,585.7948486804962
342.06,0.098167024553,342.06,293,587.8099911212921
342.09,0.098151735961,342.09,293,589.8262629508972
342.12,0.098138354719,342.12,293,591.8460483551025
342.16,0.098121635616,342.16,293,593.8645918369293
342.19,0.098096184433,342.19,293,595.891921043396
342.22,0.098078787327,342.22,293,597.9119782447815
342.26,0.098062418401,342.26,293,599.9290044307709
342.29,0.098044089973,342.29,293,601.9451382160187
342.32,0.098027057946,342.32,293,603.9639599323273
342.36,0.098009720445,342.36,293,605.9962003231049
342.39,0.097982697189,342.39,293,608.0254502296448
342.43,0.097961202264,342.43,293,610.0411741733551
342.46,0.097942195833,342.46,293,612.0610897541046
342.49,0.097925499082,342.49,293,614.0857403278351
342.53,0.097897030413,342.53,293,616.1025700569153
342.56,0.097873367369,342.56,293,618.120147228241
342.59,0.097856156528,342.59,293,620.1396679878235
342.63,0.097834080458,342.63,293,622.1564626693726
342.66,0.097809426486,342.66,293,624.1744616031647
342.7,0.097780704498,342.7,293,626.191216468811
342.73,0.097757525742,342.73,293,628.2081649303436
342.76,0.097737900913,342.76,293,630.2287220954895
342.79,0.097707204521,342.79,293,632.2472336292267
342.83,0.097681194544,342.83,293,634.2634694576263
342.86,0.097658507526,342.86,293,636.2876880168915
342.9,0.097627915442,342.9,293,638.3073620796204
342.93,0.097600273788,342.93,293,640.3235869407654
342.96,0.097578234971,342.96,293,642.344886302948
343.0,0.097543515265,343.0,293,644.3626973628998
343.03,0.097515545785,343.03,293,646.3856515884399
343.07,0.097482353449,343.07,293,648.4020631313324
343.1,0.097457163036,343.1,293,650.4172401428223
343.13,0.097422383726,343.13,293,652.4318294525146
343.17,0.097392000258,343.17,293,654.4502348899841
343.2,0.0973643139,343.2,293,656.4705669879913
343.23,0.097331725061,343.23,293,658.4968545436859
343.27,0.097298271954,343.27,293,660.5139865875244
343.3,0.097262844443,343.3,293,662.5330777168274
343.33,0.097232252359,343.33,293,664.5484783649445
343.37,0.097192108631,343.37,293,666.5680079460144
343.4,0.097160510719,343.4,293,668.5923986434937
343.44,0.097125142813,343.44,293,670.6096272468567
343.47,0.097086302936,343.47,293,672.6266703605652
343.5,0.097048811615,343.5,293,674.6440563201904
343.53,0.097013421357,343.53,293,676.6607229709625
343.57,0.09697124362,343.57,293,678.6750774383545
343.6,0.096930652857,343.6,293,680.6911404132843
343.64,0.096893422306,343.64,293,682.7138493061066
343.67,0.096854634583,343.67,293,684.7330706119537
343.7,0.096816599369,343.7,293,686.7508773803711
343.74,0.096770606935,343.74,293,688.7709016799927
343.77,0.09673101455,343.77,293,690.7952418327332
343.81,0.096686683595,343.81,293,692.8136956691742
343.84,0.096647337079,343.84,293,694.8329429626465
343.87,0.096604861319,343.87,293,696.8520262241364
343.9,0.096554651856,343.9,293,698.8692865371704
343.94,0.096506722271,343.94,293,700.8930034637451
343.97,0.096464768052,343.97,293,702.9044485092163
344.01,0.096420988441,344.01,293,704.9198462963104
344.04,0.096370309591,344.04,293,706.9381301403046
344.07,0.096319116652,344.07,293,708.9661066532135
344.11,0.09627187252,344.11,293,710.9921300411224
344.14,0.09621693939,344.14,293,713.0134165287018
344.18,0.09616778791,344.18,293,715.0297875404358
344.21,0.096111528575,344.21,293,717.047292470932
344.24,0.096061788499,344.24,293,719.0635452270508
344.27,0.096010290086,344.28,293,721.0866475105286
344.31,0.095961757004,344.31,293,723.1032173633575
344.34,0.095911316574,344.34,293,725.1207964420319
344.38,0.095849744976,344.38,293,727.1345813274384
344.41,0.095797523856,344.41,293,729.1532258987427
344.44,0.095738776028,344.44,293,731.1709830760956
344.48,0.095685333014,344.48,293,733.1936676502228
344.51,0.095622964203,344.51,293,735.2110726833344
344.54,0.095557026565,344.54,293,737.2290151119232
344.58,0.095501117408,344.58,293,739.244626045227
344.61,0.095439895988,344.61,293,741.2606987953186
344.65,0.095375619829,344.65,293,743.2776477336884
344.68,0.095316402614,344.68,293,745.2977170944214
344.71,0.095252655447,344.71,293,747.3151409626007
344.75,0.095185682178,344.75,293,749.3292729854584
344.78,0.095121279359,344.78,293,751.3450181484222
344.81,0.095049202442,344.81,293,753.3651859760284
344.85,0.094978928566,344.85,293,755.3920421600342
344.88,0.094916962087,344.88,293,757.4096384048462
344.91,0.094842717052,344.91,293,759.4317767620087
344.95,0.094772689044,344.95,293,761.4506890773773
344.98,0.094697549939,344.98,293,763.4661982059479
345.02,0.094624347985,345.02,293,765.4905316829681
345.05,0.094553500414,345.05,293,767.5109221935272
345.08,0.094478391111,345.08,293,769.5278716087341
345.12,0.094398193061,345.12,293,771.5452115535736
345.15,0.094318605959,345.15,293,773.5597853660583
345.18,0.094245150685,345.18,293,775.5777318477631
345.22,0.094165049493,345.22,293,777.5929825305939
345.25,0.094086766243,345.25,293,779.6109998226166
345.29,0.09400319308,345.29,293,781.627277135849
345.32,0.09392222017,345.32,293,783.6485130786896
345.35,0.09383687377,345.35,293,785.6700451374054
345.39,0.093751758337,345.39,293,787.6928837299347
345.42,0.093661241233,345.42,293,789.7089092731476
345.45,0.093574605882,345.45,293,791.7277154922485
345.49,0.093485936522,345.49,293,793.7429850101471
345.52,0.093392752111,345.52,293,795.7593061923981
345.55,0.093300208449,345.55,293,797.7753193378448
345.59,0.09320846945,345.59,293,799.7983248233795
345.62,0.093110248446,345.62,293,801.8161873817444
345.66,0.093015447259,345.66,293,803.8336853981018
345.69,0.092917248607,345.69,293,805.8524160385132
345.72,0.092815317214,345.72,293,807.8684651851654
345.75,0.092720136046,345.76,293,809.8992872238159
345.79,0.092616029084,345.79,293,811.9180221557617
345.82,0.092512451112,345.82,293,813.9329631328583
345.86,0.092407807708,345.86,293,815.9509723186493
345.89,0.092296659946,345.89,293,817.9655923843384
345.92,0.092186115682,345.92,293,819.9780900478363
345.96,0.092075355351,345.96,293,821.9974281787872
345.99,0.09196317941,345.99,293,824.0151376724243
346.03,0.091852709651,346.03,293,826.0329554080963
346.06,0.091741107404,346.06,293,828.0486812591553
346.09,0.091620914638,346.09,293,830.0685501098633
346.13,0.091501437128,346.13,293,832.0927784442902
346.16,0.091382198036,346.16,293,834.1188204288483
346.19,0.091260567307,346.19,293,836.1335923671722
346.23,0.091133117676,346.23,293,838.1488306522369
346.26,0.091009907424,346.26,293,840.167962551117
346.29,0.090880312026,346.3,293,842.1878798007965
346.33,0.090750090778,346.33,293,844.2060766220093
346.36,0.090620331466,346.36,293,846.2203645706177
346.4,0.090487323701,346.4,293,848.2394516468048
346.43,0.090347915888,346.43,293,850.2584080696106
346.46,0.090210139751,346.46,293,852.2758359909058
346.5,0.090072214603,346.5,293,854.2972531318665
346.53,0.089928016067,346.53,293,856.3139364719391
346.56,0.0897827968,346.56,293,858.341109752655
346.6,0.089636646211,346.6,293,860.3686761856079
346.63,0.089480876923,346.63,293,862.3991873264313
346.66,0.089335247874,346.66,293,864.4148597717285
346.7,0.089181035757,346.7,293,866.4288427829742
346.73,0.089023582637,346.73,293,868.4465453624725
346.77,0.088865086436,346.77,293,870.462504863739
346.8,0.088707208633,346.8,293,872.4810035228729
346.83,0.088543057442,346.83,293,874.4976000785828
346.87,0.088378019631,346.87,293,876.5186672210693
346.9,0.088208131492,346.9,293,878.5352835655212
346.93,0.088039152324,346.93,293,880.5517625808716
346.97,0.087860740721,346.97,293,882.5702002048492
347.0,0.087684825063,347.0,293,884.5943872928619
347.03,0.08750423044,347.03,293,886.6165788173676
347.07,0.08732046932,347.07,293,888.6317229270935
347.1,0.087131306529,347.1,293,890.6476302146912
347.14,0.086942784488,347.14,293,892.6631832122803
347.17,0.086749605834,347.17,293,894.678468465805
347.2,0.08655076474,347.2,293,896.6971259117126
347.24,0.086354359984,347.24,293,898.7172737121582
347.27,0.086148709059,347.27,293,900.7326784133911
347.3,0.085942357779,347.3,293,902.75013422966
347.34,0.08573179692,347.34,293,904.7626700401306
347.37,0.085521675646,347.37,293,906.7784960269928
347.41,0.085305534303,347.41,293,908.8055918216705
347.44,0.085083290935,347.44,293,910.8187651634216
347.47,0.084858201444,347.47,293,912.8341879844666
347.51,0.084631301463,347.51,293,914.8518176078796
347.54,0.084399171174,347.54,293,916.867954492569
347.57,0.084156364202,347.57,293,918.8930470943451
347.61,0.083914391696,347.61,293,920.9117312431335
347.64,0.08366637677,347.64,293,922.927538394928
347.67,0.083415322006,347.67,293,924.9442465305328
347.71,0.083161301911,347.71,293,926.9599406719208
347.74,0.082898184657,347.74,293,928.9772665500641
347.77,0.082633942366,347.77,293,930.9985115528107
347.81,0.082358583808,347.81,293,933.010556936264
347.84,0.082077771425,347.84,293,935.0275626182556
347.88,0.081794373691,347.88,293,937.0495629310608
347.91,0.081503979862,347.91,293,939.0672752857208
347.94,0.081210844219,347.94,293,941.0841097831726
347.98,0.080907523632,347.98,293,943.0998210906982
348.01,0.080600433052,348.01,293,945.1157801151276
348.04,0.080285482109,348.04,293,947.1380772590637
348.08,0.079960174859,348.08,293,949.1544315814972
348.11,0.07963103801,348.11,293,951.1705675125122
348.14,0.079289361835,348.15,293,953.1944477558136
348.18,0.078946270049,348.18,293,955.2107644081116
348.21,0.078591577709,348.21,293,957.2296717166901
348.25,0.078228794038,348.25,293,959.2461149692535
348.28,0.077854320407,348.28,293,961.2632532119751
348.31,0.077472895384,348.31,293,963.2817468643188
348.35,0.077077887952,348.35,293,965.3001399040222
348.38,0.076674863696,348.38,293,967.3167834281921
348.41,0.076259486377,348.41,293,969.3337473869324
348.45,0.075829915702,348.45,293,971.3522939682007
348.48,0.075391098857,348.48,293,973.3686938285828
348.51,0.074935004115,348.51,293,975.3858604431152
348.55,0.074465073645,348.55,293,977.4003930091858
348.58,0.073973529041,348.58,293,979.4192631244659
348.62,0.073469281197,348.62,293,981.4367754459381
348.65,0.072944633663,348.65,293,983.4553937911987
348.68,0.072399131954,348.68,293,985.471896648407
348.71,0.071830771863,348.72,293,987.4949243068695
348.75,0.071240864694,348.75,293,989.5085396766663
348.78,0.070622012019,348.78,293,991.5250058174133
348.82,0.069975554943,348.82,293,993.5422310829163
348.85,0.06929769367,348.85,293,995.5585918426514
348.88,0.06858625263,348.88,293,997.5739259719849
348.92,0.0678370893,348.92,293,999.5934669971466
348.95,0.067047052085,348.95,293,1001.6191780567169
348.99,0.066216833889,348.99,293,1003.6369967460632
349.02,0.065345607698,349.02,293,1005.6520104408264
349.05,0.064423851669,349.05,293,1007.669632434845
349.09,0.063453227282,349.09,293,1009.6927802562714
349.12,0.062430303544,349.12,293,1011.7118384838104
349.15,0.061358846724,349.15,293,1013.728506565094
349.19,0.060234781355,349.19,293,1015.7439072132111
349.22,0.059062536806,349.22,293,1017.7584373950958
349.25,0.057836886495,349.25,293,1019.7732288837433
349.29,0.056558918208,349.29,293,1021.7951560020447
349.32,0.055239614099,349.32,293,1023.8123309612274
349.36,0.053872752935,349.36,293,1025.8360278606415
349.39,0.052473302931,349.39,293,1027.8517196178436
349.42,0.051043629646,349.42,293,1029.8675718307495
349.46,0.04958987236,349.46,293,1031.8838105201721
349.49,0.048117194325,349.49,293,1033.8998329639435
349.52,0.04663137719,349.52,293,1035.91543841362
349.56,0.045137617737,349.56,293,1037.9318006038666
349.59,0.043647978455,349.59,293,1039.947770357132
349.62,0.042159307748,349.62,293,1041.9649786949158
349.66,0.04068255797,349.66,293,1043.9827740192413
349.69,0.039225209504,349.69,293,1046.0014679431915
349.73,0.037790056318,349.73,293,1048.0234088897705
349.76,0.036382656544,349.76,293,1050.0393579006195
349.79,0.035011004657,349.79,293,1052.0561783313751
349.83,0.033670082688,349.83,293,1054.0743222236633
349.86,0.032366584986,349.86,293,1056.0991442203522
349.89,0.03110560216,349.89,293,1058.1152465343475
349.93,0.02988485992,349.93,293,1060.1334929466248
349.96,0.028710201383,349.96,293,1062.1472182273865
349.99,0.027576193213,349.99,293,1064.1629033088684
350.03,0.026486579329,350.03,293,1066.1811044216156
350.06,0.025439111516,350.06,293,1068.1997900009155
350.1,0.024434855208,350.1,293,1070.21510720253
350.13,0.023472772911,350.13,293,1072.2317283153534
350.16,0.022551106289,350.16,293,1074.2485280036926
350.2,0.021668829024,350.2,293,1076.2672913074493
350.23,0.020825078711,350.23,293,1078.2839646339417
350.26,0.0200204961,350.26,293,1080.3001463413239
350.3,0.019252177328,350.3,293,1082.3150782585144
350.33,0.018518287688,350.33,293,1084.333598613739
350.36,0.017817048356,350.36,293,1086.3520777225494
350.4,0.01714900136,350.4,293,1088.3678493499756
350.43,0.01651057601,350.43,293,1090.385690689087
350.47,0.015902949497,350.47,293,1092.3999910354614
350.5,0.015323946252,350.5,293,1094.4162020683289
350.53,0.014770293608,350.53,293,1096.4342949390411
350.57,0.014242208563,350.57,293,1098.4520840644836
350.6,0.01374016609,350.6,293,1100.4665749073029
350.63,0.013260331936,350.63,293,1102.4838552474976
350.67,0.012802061625,350.67,293,1104.5024967193604
350.7,0.012365192175,350.7,293,1106.519459247589
350.73,0.011948830448,350.73,293,1108.5356423854828
350.77,0.011551294476,350.77,293,1110.55313038826
350.8,0.011172422208,350.8,293,1112.570517539978
350.83,0.010811619461,350.83,293,1114.5848104953766
350.87,0.010466497391,350.87,293,1116.6047065258026
350.9,0.01013850607,350.9,293,1118.6193523406982
350.94,0.0098235439509,350.94,293,1120.6354060173035
350.97,0.0095234168693,350.97,293,1122.6499757766724
351.0,0.0092364577577,351.0,293,1124.6624507904053
351.04,0.0089622559026,351.04,293,1126.6751313209534
351.07,0.0086988313124,351.07,293,1128.6988966464996
351.1,0.0084484787658,351.1,293,1130.7162852287292
351.14,0.0082087758929,351.14,293,1132.731726884842
351.17,0.0079791871831,351.17,293,1134.7493269443512
351.2,0.0077595165931,351.2,293,1136.7618811130524
351.24,0.0075486823916,351.24,293,1138.7784512043
351.27,0.0073457635008,351.27,293,1140.7991161346436
351.31,0.007152391132,351.31,293,1142.8148562908173
351.34,0.0069655487314,351.34,293,1144.8306424617767
351.37,0.0067871147767,351.37,293,1146.8454763889313
351.41,0.0066156419925,351.41,293,1148.8636910915375
351.44,0.0064508593641,351.44,293,1150.8826251029968
351.47,0.0062914961018,351.47,293,1152.9056768417358
351.51,0.0061385901645,351.51,293,1154.9239230155945
351.54,0.0059917839244,351.54,293,1156.9412486553192
351.57,0.0058495551348,351.57,293,1158.9620342254639
351.61,0.0057129128836,351.61,293,1160.9797415733337
351.64,0.0055804229341,351.64,293,1163.0020287036896
351.68,0.005453185644,351.68,293,1165.0184302330017
351.71,0.0053305183537,351.71,293,1167.0346035957336
351.74,0.005211357493,351.74,293,1169.053228855133
351.78,0.0050963643007,351.78,293,1171.0714824199677
351.81,0.0049853301607,351.81,293,1173.0900032520294
351.84,0.0048777731135,351.84,293,1175.1087574958801
351.88,0.0047735502012,351.88,293,1177.1251447200775
351.91,0.0046723233536,351.91,293,1179.140882730484
351.94,0.0045742602088,351.94,293,1181.1595723628998
351.98,0.0044786878861,351.98,293,1183.183141708374
352.01,0.004385871347,352.01,293,1185.2137689590454
352.05,0.0042963773012,352.05,293,1187.2301952838898
352.08,0.0042092092335,352.08,293,1189.2474553585052
352.11,0.0041248346679,352.11,293,1191.2630701065063
352.15,0.004042242188,352.15,293,1193.2806882858276
352.18,0.0039618061855,352.18,293,1195.3071200847626
352.21,0.0038839310873,352.21,293,1197.3253264427185
352.25,0.0038078525104,352.25,293,1199.3438572883606
352.28,0.0037336144596,352.28,293,1201.3596105575562
352.31,0.0036609184463,352.31,293,1203.3764238357544
352.35,0.0035895321053,352.35,293,1205.4028043746948
352.38,0.0035205960739,352.38,293,1207.4190611839294
352.42,0.0034539462067,352.42,293,1209.43137717247
352.45,0.0033883301076,352.45,293,1211.4503436088562
352.48,0.0033243764192,352.48,293,1213.4681980609894
352.52,0.003261937527,352.52,293,1215.4855003356934
352.55,0.0032008718699,352.55,293,1217.5083088874817
352.58,0.0031410742085,352.58,293,1219.5256991386414
352.62,0.0030829308089,352.62,293,1221.5451951026917
352.65,0.003026007209,352.65,293,1223.5613827705383
352.68,0.0029702007305,352.68,293,1225.5807645320892
352.72,0.0029157728422,352.72,293,1227.6036169528961
352.75,0.0028626096901,352.75,293,1229.618983745575
352.79,0.0028105846141,352.79,293,1231.6350400447845
352.82,0.0027596203145,352.82,293,1233.6494591236115
352.85,0.0027096674312,352.85,293,1235.6665263175964
352.89,0.0026609289926,352.89,293,1237.6857023239136
352.92,0.0026127311867,352.92,293,1239.7108812332153
352.95,0.0025656321086,352.95,293,1241.7303049564362
352.99,0.0025196713395,352.99,293,1243.745777606964
353.02,0.0024746991694,353.02,293,1245.762370109558
353.05,0.0024307086132,353.05,293,1247.7778775691986
353.09,0.0023874244653,353.09,293,1249.8026459217072
353.12,0.0023451449815,353.12,293,1251.8192727565765
353.16,0.0023035628255,353.16,293,1253.8337240219116
353.19,0.0022628975566,353.19,293,1255.8479704856873
353.22,0.0022228085436,353.22,293,1257.8675873279572
353.26,0.0021837302484,353.26,293,1259.8864977359772
353.29,0.0021451152861,353.29,293,1261.9117670059204
353.32,0.0021074593533,353.32,293,1263.9295241832733
353.36,0.0020704898052,353.36,293,1265.946275472641
353.39,0.0020342112985,353.39,293,1267.965185880661
353.42,0.0019986364059,353.42,293,1269.9802606105804
353.46,0.0019635593053,353.46,293,1272.0061178207397
353.49,0.001929291524,353.49,293,1274.022663116455
353.53,0.0018956937129,353.53,293,1276.0429139137268
353.56,0.0018625848461,353.56,293,1278.0595541000366
353.59,0.0018301757518,353.59,293,1280.0736546516418
353.63,0.0017982524587,353.63,293,1282.0914747714996
353.66,0.00176708051,353.66,293,1284.1085612773895
353.69,0.0017364135711,353.69,293,1286.125009059906
353.73,0.0017063132254,353.73,293,1288.1430382728577
353.76,0.0016766103217,353.76,293,1290.1602749824524
353.79,0.0016476240708,353.79,293,1292.1796128749847
353.83,0.0016187841538,353.83,293,1294.2049136161804
353.86,0.0015908073401,353.86,293,1296.222042798996
353.9,0.0015630353009,353.9,293,1298.2421040534973
353.93,0.0015364781721,353.93,293,1300.257223367691
353.96,0.0015095494455,353.96,293,1302.2721765041351
354.0,0.0014833026798,354.0,293,1304.2902569770813
354.03,0.0014574216912,354.03,293,1306.3091242313385
354.06,0.0014323017094,354.06,293,1308.3264725208282
354.1,0.0014074033825,354.1,293,1310.343094110489
354.13,0.0013829953969,354.13,293,1312.360633134842
354.16,0.0013589760056,354.16,293,1314.3755576610565
354.2,0.0013354627881,354.2,293,1316.392136335373
354.23,0.0013121730881,354.23,293,1318.4112179279327
354.27,0.0012893810635,354.27,293,1320.426260471344
354.3,0.0012670460856,354.3,293,1322.4450943470001
354.33,0.0012449532514,354.33,293,1324.4610118865967
354.37,0.0012233083835,354.37,293,1326.4752173423767
354.4,0.0012020338327,354.4,293,1328.492820739746
354.43,0.0011810575379,354.43,293,1330.513212442398
354.47,0.0011605861364,354.47,293,1332.5326843261719
354.5,0.0011403581593,354.5,293,1334.5520606040955
354.53,0.0011204708135,354.53,293,1336.572762966156
354.57,0.001100716996,354.57,293,1338.5897641181946
354.6,0.0010814996203,354.6,293,1340.615199804306
354.64,0.0010625201976,354.64,293,1342.6312363147736
354.67,0.0010438900208,354.67,293,1344.6488244533539
354.7,0.0010256007081,354.7,293,1346.6657474040985
354.74,0.0010075919563,354.74,293,1348.67755484581
354.77,0.00098993431311,354.77,293,1350.6971759796143
354.8,0.00097254413413,354.8,293,1352.7129278182983
354.84,0.00095535814762,354.84,293,1354.731726884842
354.87,0.00093857635511,354.87,293,1356.747237443924
354.9,0.00092190381838,354.9,293,1358.765862941742
354.94,0.00090560590615,354.94,293,1360.7808532714844
354.97,0.000889536459,354.97,293,1362.8037831783295
355.01,0.00087374582654,355.01,293,1364.8206024169922
355.04,0.00085825816495,355.04,293,1366.8364565372467
355.07,0.00084285001503,355.07,293,1368.8536252975464
355.11,0.00082788022701,355.11,293,1370.8691205978394
355.14,0.00081325526116,355.14,293,1372.8839271068573
355.17,0.00079874414951,355.17,293,1374.9080610275269
355.21,0.00078444054816,355.21,293,1376.931777715683
355.24,0.00077050604159,355.24,293,1378.948798418045
355.27,0.00075669441139,355.27,293,1380.9675681591034
355.31,0.00074310245691,355.31,293,1382.9874293804169
355.34,0.00072970625479,355.34,293,1385.015107870102
355.38,0.00071655627107,355.38,293,1387.0327532291412
355.41,0.00070361135295,355.41,293,1389.0487160682678
355.44,0.00069094065111,355.44,293,1391.0639097690582
355.48,0.00067841733107,355.48,293,1393.081729888916
355.51,0.00066614680691,355.51,293,1395.098683834076
355.55,0.00065403338522,355.55,293,1397.113643169403
355.58,0.00064217014005,355.58,293,1399.1301562786102
355.61,0.00063038768712,355.61,293,1401.1511397361755
355.65,0.00061892223312,355.65,293,1403.1672704219818
355.68,0.00060754147125,355.68,293,1405.1862206459045
355.71,0.00059627805604,355.71,293,1407.2131280899048
355.75,0.0005852447357,355.75,293,1409.2336480617523
355.78,0.00057440361707,355.78,293,1411.2509412765503
355.81,0.00056381785544,355.81,293,1413.268370628357
355.85,0.00055324006826,355.85,293,1415.284517288208
355.88,0.00054289185209,355.88,293,1417.3044271469116
355.91,0.00053272506921,355.91,293,1419.3189108371735
355.95,0.00052275799681,355.95,293,1421.3337166309357
355.98,0.00051289162366,355.98,293,1423.3528978824615
356.02,0.00050315604312,356.02,293,1425.3688168525696
356.01,0.00052425079048,356.01,293,1427.3872270584106
355.72,0.00052652106388,355.72,293,1429.411767244339
355.24,0.00054782035295,355.24,293,1431.4308505058289
354.72,0.0005886075669,354.72,293,1433.4491391181946
354.22,0.00064812612254,354.22,293,1435.4650166034698
353.75,0.00072653073585,353.75,293,1437.481925725937
353.32,0.00082411983749,353.32,293,1439.5004813671112
352.89,0.00094211212127,352.89,293,1441.5149793624878
352.51,0.0010824073106,352.51,293,1443.5281851291656
352.15,0.0012476833072,352.15,293,1445.547287940979
351.81,0.0014412996825,351.81,293,1447.5674159526825
351.48,0.0016663015122,351.48,293,1449.587818622589
351.15,0.0019295804668,351.15,293,1451.621708869934
350.84,0.0022336503025,350.84,293,1453.6377155780792
350.54,0.0025877275039,350.54,293,1455.652268409729
350.25,0.0030039772391,350.25,293,1457.6715016365051
349.96,0.0034970294219,349.96,293,1459.6892848014832
349.67,0.0040934397839,349.67,293,1461.7136380672455
349.4,0.0048254108988,349.4,293,1463.7262680530548
349.13,0.0057564969175,349.13,293,1465.7421090602875
348.88,0.0069831805304,348.88,293,1467.7571082115173
348.62,0.0086546745151,348.62,293,1469.7728667259216
348.36,0.011000632308,348.36,293,1471.7926750183105
348.1,0.014326374047,348.1,293,1473.8120374679565
347.85,0.019065359607,347.85,293,1475.8384881019592
347.6,0.025696927682,347.6,293,1477.8561363220215
347.36,0.034629847854,347.36,293,1479.8760828971863
347.12,0.045412190259,347.12,293,1481.8928871154785
346.88,0.056089248508,346.88,293,1483.9106924533844
346.65,0.064367547631,346.65,293,1485.9233076572418
346.42,0.070031657815,346.42,293,1487.9356377124786
346.19,0.074048213661,346.19,293,1489.946771144867
345.97,0.077156476676,345.97,293,1491.9633574485779
345.75,0.079685226083,345.75,293,1493.9781777858734
345.53,0.081820346415,345.53,293,1495.9934492111206
345.3,0.083664797246,345.3,293,1498.0245025157928
345.09,0.085259318352,345.09,293,1500.0361173152924
344.88,0.086659952998,344.88,293,1502.049237728119
344.67,0.087902329862,344.67,293,1504.0649745464325
344.46,0.089015714824,344.46,293,1506.0834062099457
344.26,0.090005986392,344.26,293,1508.0993592739105
344.05,0.09089563787,344.05,293,1510.1154491901398
343.85,0.091697856784,343.85,293,1512.1309797763824
343.65,0.092425197363,343.65,293,1514.146175146103
343.45,0.093074522913,343.45,293,1516.1579349040985
343.26,0.093669436872,343.26,293,1518.1806313991547
343.06,0.094207726419,343.06,293,1520.2002832889557
342.86,0.09469781816,342.86,293,1522.213636636734
342.67,0.095141671598,342.67,293,1524.2308588027954
342.49,0.09554874897,342.49,293,1526.2437086105347
342.3,0.09591358155,342.3,293,1528.2616546154022
342.12,0.096245937049,342.12,293,1530.2778527736664
341.94,0.096548765898,341.94,293,1532.2928454875946
341.75,0.096822448075,341.75,293,1534.3141238689423
341.57,0.097081027925,341.57,293,1536.3304319381714
341.39,0.09731117636,341.39,293,1538.3429818153381
341.21,0.097517453134,341.21,293,1540.366483926773
341.04,0.097709231079,341.04,293,1542.383689403534
340.87,0.097884200513,340.87,293,1544.3995728492737
340.69,0.098038800061,340.69,293,1546.4127445220947
